website,website_url,parent_name,parent_url,parent_display_order,parent_open_method,sub_child_name,sub_child_url,sub_child_display_order,sub_child_activation_method,child_name,child_url,child_display_order,column_number,row_number,hierarchy_level,discovery_method,source_selector,normalized_url,url_missing,is_duplicate,scraped_at,http_status,final_url,redirect_url,response_error,validation_timestamp,duplicate_type
Phone LCD Parts,https://www.phonelcdparts.com/,Apple,,1,hover,iPad Parts,,2,click,iPad Pro,https://www.phonelcdparts.com/apple/ipad-parts,1,1,1,3,click,div.o41aav7.mgz-element.mgz-element-row.full_width_row > div.mgz-element-inner.o41aav7-s.custom-banner-cls > div.inner-content.mgz-container > div.fotpd2j.mgz-element.mgz-element-column.mgz-col-xl-3 > div.mgz-element-inner.fotpd2j-s.custom-banner-cls > div.c734qdv.mgz-element.swp-mega-category.nav-item > a,https://www.phonelcdparts.com/apple/ipad-parts,False,False,2026-09-07T12:46:56+00:00,,,,,,cross_hierarchy_url
Phone LCD Parts,https://www.phonelcdparts.com/,Apple,,1,hover,iPad Parts,,2,click,iPad Air,https://www.phonelcdparts.com/apple/ipad-parts,19,1,19,3,click,div.o41aav7.mgz-element.mgz-element-row.full_width_row > div.mgz-element-inner.o41aav7-s.custom-banner-cls > div.inner-content.mgz-container > div.vgc547u.mgz-element.mgz-element-column.mgz-col-xl-3 > div.mgz-element-inner.vgc547u-s.custom-banner-cls > div.ie0jglx.mgz-element.swp-mega-category.nav-item > a,https://www.phonelcdparts.com/apple/ipad-parts,False,False,2026-09-07T12:46:56+00:00,,,,,,cross_hierarchy_url
Phone LCD Parts,https://www.phonelcdparts.com/,Apple,,1,hover,iPad Parts,,2,click,iPad,https://www.phonelcdparts.com/apple/ipad-parts,31,1,31,3,click,div.o41aav7.mgz-element.mgz-element-row.full_width_row > div.mgz-element-inner.o41aav7-s.custom-banner-cls > div.inner-content.mgz-container > div.m9l4kyw.mgz-element.mgz-element-column.mgz-col-xl-3 > div.mgz-element-inner.m9l4kyw-s.custom-banner-cls > div.g0nwqhf.mgz-element.swp-mega-category.nav-item > a,https://www.phonelcdparts.com/apple/ipad-parts,False,False,2026-09-07T12:46:56+00:00,,,,,,cross_hierarchy_url
Phone LCD Parts,https://www.phonelcdparts.com/,Apple,,1,hover,iPad Parts,,2,click,iPad Mini,https://www.phonelcdparts.com/apple/ipad-parts,42,1,42,3,click,div.o41aav7.mgz-element.mgz-element-row.full_width_row > div.mgz-element-inner.o41aav7-s.custom-banner-cls > div.inner-content.mgz-container > div.qoqkq3l.mgz-element.mgz-element-column.mgz-col-xl-3 > div.mgz-element-inner.qoqkq3l-s.custom-banner-cls > div.akdo6nf.mgz-element.swp-mega-category.nav-item > a,https://www.phonelcdparts.com/apple/ipad-parts,False,False,2026-09-07T12:46:56+00:00,,,,,,cross_hierarchy_url
Phone LCD Parts,https://www.phonelcdparts.com/,Apple,,1,hover,MacBook Parts,,3,click,MacBook Pro,https://www.phonelcdparts.com/apple/macbook,1,1,1,3,click,div.kxl98ab.mgz-element.mgz-element-row.full_width_row > div.mgz-element-inner.kxl98ab-s.custom-banner-cls > div.inner-content.mgz-container > div.ek63hnp.mgz-element.mgz-element-column.mgz-col-xl-4 > div.mgz-element-inner.ek63hnp-s.custom-banner-cls > div.gsd6ek1.mgz-element.swp-mega-category.nav-item > a,https://www.phonelcdparts.com/apple/macbook,False,False,2026-09-07T12:46:56+00:00,,,,,,cross_hierarchy_url
Phone LCD Parts,https://www.phonelcdparts.com/,Apple,,1,hover,MacBook Parts,,3,click,MacBook Air,https://www.phonelcdparts.com/apple/macbook,30,1,30,3,click,div.kxl98ab.mgz-element.mgz-element-row.full_width_row > div.mgz-element-inner.kxl98ab-s.custom-banner-cls > div.inner-content.mgz-container > div.lx26xlg.mgz-element.mgz-element-column.mgz-col-xl-3 > div.mgz-element-inner.lx26xlg-s.custom-banner-cls > div.bnphigr.mgz-element.swp-mega-category.nav-item > a,https://www.phonelcdparts.com/apple/macbook,False,False,2026-09-07T12:46:56+00:00,,,,,,cross_hierarchy_url
Phone LCD Parts,https://www.phonelcdparts.com/,Apple,,1,hover,MacBook Parts,,3,click,Retina & Unibody,https://www.phonelcdparts.com/apple/macbook,50,1,50,3,click,div.kxl98ab.mgz-element.mgz-element-row.full_width_row > div.mgz-element-inner.kxl98ab-s.custom-banner-cls > div.inner-content.mgz-container > div.cdewuri.mgz-element.mgz-element-column.mgz-col-xl-15 > div.mgz-element-inner.cdewuri-s.custom-banner-cls > div.aiqf4o0.mgz-element.swp-mega-category.nav-item > a,https://www.phonelcdparts.com/apple/macbook,False,False,2026-09-07T12:46:56+00:00,,,,,,cross_hierarchy_url
Phone LCD Parts,https://www.phonelcdparts.com/,Apple,,1,hover,MacBook Parts,,3,click,MacBook Neo,https://www.phonelcdparts.com/apple/macbook,60,1,60,3,click,div.kxl98ab.mgz-element.mgz-element-row.full_width_row > div.mgz-element-inner.kxl98ab-s.custom-banner-cls > div.inner-content.mgz-container > div.y6spg5x.mgz-element.mgz-element-column.mgz-col-xl-15 > div.mgz-element-inner.y6spg5x-s.custom-banner-cls > div.hjk07aq.mgz-element.swp-mega-category.nav-item > a,https://www.phonelcdparts.com/apple/macbook,False,False,2026-09-07T12:46:56+00:00,,,,,,cross_hierarchy_url
Phone LCD Parts,https://www.phonelcdparts.com/,Apple,,1,hover,Quick Order,,9,click,PowerCell ®,https://www.phonelcdparts.com/apple/best-sellers/powercell,6,1,6,3,click,div.iw3pu5j.mgz-element.mgz-element-row.full_width_row > div.mgz-element-inner.iw3pu5j-s.custom-banner-cls > div.inner-content.mgz-container > div.vi5l7hl.mgz-element.mgz-element-column.swp-mega-category > div.mgz-element-inner.vi5l7hl-s.custom-banner-cls > div.yme4ah9.mgz-element.nav-item > a,https://www.phonelcdparts.com/apple/best-sellers/powercell,False,False,2026-09-07T12:46:56+00:00,,,,,,cross_hierarchy_url
Phone LCD Parts,https://www.phonelcdparts.com/,Apple,,1,hover,Quick Order,,9,click,QUARTZ,https://www.phonelcdparts.com/tempered-glass/brands/quartz,7,1,7,3,click,div.iw3pu5j.mgz-element.mgz-element-row.full_width_row > div.mgz-element-inner.iw3pu5j-s.custom-banner-cls > div.inner-content.mgz-container > div.vi5l7hl.mgz-element.mgz-element-column.swp-mega-category > div.mgz-element-inner.vi5l7hl-s.custom-banner-cls > div.a717uhh.mgz-element.nav-item > a,https://www.phonelcdparts.com/tempered-glass/brands/quartz,False,False,2026-09-07T12:46:56+00:00,,,,,,cross_hierarchy_url
Phone LCD Parts,https://www.phonelcdparts.com/,Apple,,1,hover,Quick Order,,9,click,QMAX,https://www.phonelcdparts.com/apple/best-sellers/qmax,8,1,8,3,click,div.iw3pu5j.mgz-element.mgz-element-row.full_width_row > div.mgz-element-inner.iw3pu5j-s.custom-banner-cls > div.inner-content.mgz-container > div.vi5l7hl.mgz-element.mgz-element-column.swp-mega-category > div.mgz-element-inner.vi5l7hl-s.custom-banner-cls > div.ewgifkp.mgz-element.nav-item > a,https://www.phonelcdparts.com/apple/best-sellers/qmax,False,False,2026-09-07T12:46:56+00:00,,,,,,cross_hierarchy_url
Phone LCD Parts,https://www.phonelcdparts.com/,Samsung,,2,hover,Fold/Flip,,7,click,Z Flip,https://www.phonelcdparts.com/samsung/z-series,1,1,1,3,click,div.vls94up.mgz-element.mgz-element-row.full_width_row > div.mgz-element-inner.vls94up-s.custom-banner-cls > div.inner-content.mgz-container > div.t474odf.mgz-element.mgz-element-column.mgz-col-xl-3 > div.mgz-element-inner.t474odf-s.custom-banner-cls > div.i1d4pw2.mgz-element.swp-mega-category.nav-item > a,https://www.phonelcdparts.com/samsung/z-series,False,False,2026-09-07T12:46:56+00:00,,,,,,cross_hierarchy_url
Phone LCD Parts,https://www.phonelcdparts.com/,Samsung,,2,hover,Fold/Flip,,7,click,Z Fold,https://www.phonelcdparts.com/samsung/z-series,10,1,10,3,click,div.vls94up.mgz-element.mgz-element-row.full_width_row > div.mgz-element-inner.vls94up-s.custom-banner-cls > div.inner-content.mgz-container > div.xuwms4y.mgz-element.mgz-element-column.mgz-col-xl-3 > div.mgz-element-inner.xuwms4y-s.custom-banner-cls > div.q91xcnf.mgz-element.swp-mega-category.nav-item > a,https://www.phonelcdparts.com/samsung/z-series,False,False,2026-09-07T12:46:56+00:00,,,,,,cross_hierarchy_url
Phone LCD Parts,https://www.phonelcdparts.com/,Samsung,,2,hover,Quick Order,,11,click,QUARTZ,https://www.phonelcdparts.com/tempered-glass/brands/quartz,2,1,2,3,click,div.inner-content.mgz-container > div.mwcklci.mgz-element.mgz-element-column.mgz-col-xl-3 > div.mgz-element-inner.mwcklci-s.custom-banner-cls > div.n2pmhvu.mgz-element.swp-mega-category.nav-item > div.item-submenu.mgz-element-inner.n2pmhvu-s.custom-banner-cls > div.yw6fvyf.mgz-element.nav-item > a,https://www.phonelcdparts.com/tempered-glass/brands/quartz,False,True,2026-09-07T12:46:56+00:00,,,,,,exact
Phone LCD Parts,https://www.phonelcdparts.com/,Samsung,,2,hover,Quick Order,,11,click,QUARTZ,https://www.phonelcdparts.com/tempered-glass/brands/quartz,9,1,9,3,click,div.inner-content.mgz-container > div.dfcvn7a.mgz-element.mgz-element-column.mgz-col-xl-3 > div.mgz-element-inner.dfcvn7a-s.custom-banner-cls > div.dbbe1jp.mgz-element.swp-mega-category.nav-item > div.item-submenu.mgz-element-inner.dbbe1jp-s.custom-banner-cls > div.jug3796.mgz-element.nav-item > a,https://www.phonelcdparts.com/tempered-glass/brands/quartz,False,True,2026-09-07T12:46:56+00:00,,,,,,exact
Phone LCD Parts,https://www.phonelcdparts.com/,Motorola,,3,hover,Moto X Series,,8,click,X50 Ultra (XT2401-2),https://www.phonelcdparts.com/,1,1,1,3,click,div.k0nw6a2.mgz-element.mgz-element-row.full_width_row > div.mgz-element-inner.k0nw6a2-s.custom-banner-cls > div.inner-content.mgz-container > div.afbiiry.mgz-element.mgz-element-column.swp-mega-category > div.mgz-element-inner.afbiiry-s.custom-banner-cls > div.cxk5dpp.mgz-element.nav-item > a,https://www.phonelcdparts.com/,False,False,2026-09-07T12:46:56+00:00,,,,,,cross_hierarchy_url
Phone LCD Parts,https://www.phonelcdparts.com/,Google,,4,hover,Fitbit,,6,click,Fitbit Charge 5,https://www.phonelcdparts.com/google-pixel/fitbit-watches/fitbit-charge-5,1,1,1,3,click,div.dwyossf.mgz-element.mgz-element-row.full_width_row > div.mgz-element-inner.dwyossf-s.custom-banner-cls > div.inner-content.mgz-container > div.jguy7p0.mgz-element.mgz-element-column.swp-mega-category > div.mgz-element-inner.jguy7p0-s.custom-banner-cls > div.t4dvpnk.mgz-element.nav-item > a,https://www.phonelcdparts.com/google-pixel/fitbit-watches/fitbit-charge-5,False,False,2026-09-07T12:46:56+00:00,,,,,,cross_hierarchy_url
Phone LCD Parts,https://www.phonelcdparts.com/,Google,,4,hover,Fitbit,,6,click,Fitbit Versa 4,https://www.phonelcdparts.com/google-pixel/fitbit-watches/fitbit-versa-4,2,1,2,3,click,div.dwyossf.mgz-element.mgz-element-row.full_width_row > div.mgz-element-inner.dwyossf-s.custom-banner-cls > div.inner-content.mgz-container > div.jguy7p0.mgz-element.mgz-element-column.swp-mega-category > div.mgz-element-inner.jguy7p0-s.custom-banner-cls > div.vyesiem.mgz-element.nav-item > a,https://www.phonelcdparts.com/google-pixel/fitbit-watches/fitbit-versa-4,False,False,2026-09-07T12:46:56+00:00,,,,,,cross_hierarchy_url
Phone LCD Parts,https://www.phonelcdparts.com/,Google,,4,hover,Fitbit,,6,click,Fitbit Inspire 3,https://www.phonelcdparts.com/google-pixel/fitbit-watches/fitbit-inspire-3,3,1,3,3,click,div.dwyossf.mgz-element.mgz-element-row.full_width_row > div.mgz-element-inner.dwyossf-s.custom-banner-cls > div.inner-content.mgz-container > div.jguy7p0.mgz-element.mgz-element-column.swp-mega-category > div.mgz-element-inner.jguy7p0-s.custom-banner-cls > div.ki9l43g.mgz-element.nav-item > a,https://www.phonelcdparts.com/google-pixel/fitbit-watches/fitbit-inspire-3,False,False,2026-09-07T12:46:56+00:00,,,,,,cross_hierarchy_url
Phone LCD Parts,https://www.phonelcdparts.com/,Google,,4,hover,Fitbit,,6,click,Fitbit Sense 2,https://www.phonelcdparts.com/google-pixel/fitbit-watches/fitbit-sense-2,4,1,4,3,click,div.dwyossf.mgz-element.mgz-element-row.full_width_row > div.mgz-element-inner.dwyossf-s.custom-banner-cls > div.inner-content.mgz-container > div.jguy7p0.mgz-element.mgz-element-column.swp-mega-category > div.mgz-element-inner.jguy7p0-s.custom-banner-cls > div.ue22y2f.mgz-element.nav-item > a,https://www.phonelcdparts.com/google-pixel/fitbit-watches/fitbit-sense-2,False,False,2026-09-07T12:46:56+00:00,,,,,,cross_hierarchy_url
Phone LCD Parts,https://www.phonelcdparts.com/,Google,,4,hover,Fitbit,,6,click,Fitbit Sense,https://www.phonelcdparts.com/google-pixel/fitbit-watches/fitbit-sense,5,1,5,3,click,div.dwyossf.mgz-element.mgz-element-row.full_width_row > div.mgz-element-inner.dwyossf-s.custom-banner-cls > div.inner-content.mgz-container > div.jguy7p0.mgz-element.mgz-element-column.swp-mega-category > div.mgz-element-inner.jguy7p0-s.custom-banner-cls > div.um6okwn.mgz-element.nav-item > a,https://www.phonelcdparts.com/google-pixel/fitbit-watches/fitbit-sense,False,False,2026-09-07T12:46:56+00:00,,,,,,cross_hierarchy_url
Phone LCD Parts,https://www.phonelcdparts.com/,Google,,4,hover,Fitbit,,6,click,Fitbit Ionic,https://www.phonelcdparts.com/google-pixel/fitbit-watches/fitbit-ionic,6,1,6,3,click,div.dwyossf.mgz-element.mgz-element-row.full_width_row > div.mgz-element-inner.dwyossf-s.custom-banner-cls > div.inner-content.mgz-container > div.jguy7p0.mgz-element.mgz-element-column.swp-mega-category > div.mgz-element-inner.jguy7p0-s.custom-banner-cls > div.nmlqyjy.mgz-element.nav-item > a,https://www.phonelcdparts.com/google-pixel/fitbit-watches/fitbit-ionic,False,False,2026-09-07T12:46:56+00:00,,,,,,cross_hierarchy_url
Phone LCD Parts,https://www.phonelcdparts.com/,Other Models,,5,hover,Fitbit Watches,,13,click,Fitbit Versa 4,https://www.phonelcdparts.com/google-pixel/fitbit-watches/fitbit-versa-4,1,1,1,3,click,div.seyg9gr.mgz-element.mgz-element-row.full_width_row > div.mgz-element-inner.seyg9gr-s.custom-banner-cls > div.inner-content.mgz-container > div.rm8b0dd.mgz-element.mgz-element-column.swp-mega-category > div.mgz-element-inner.rm8b0dd-s.custom-banner-cls > div.u5j7loh.mgz-element.nav-item > a,https://www.phonelcdparts.com/google-pixel/fitbit-watches/fitbit-versa-4,False,False,2026-09-07T12:46:56+00:00,,,,,,cross_hierarchy_url
Phone LCD Parts,https://www.phonelcdparts.com/,Other Models,,5,hover,Fitbit Watches,,13,click,Fitbit Inspire 3,https://www.phonelcdparts.com/google-pixel/fitbit-watches/fitbit-inspire-3,2,1,2,3,click,div.seyg9gr.mgz-element.mgz-element-row.full_width_row > div.mgz-element-inner.seyg9gr-s.custom-banner-cls > div.inner-content.mgz-container > div.rm8b0dd.mgz-element.mgz-element-column.swp-mega-category > div.mgz-element-inner.rm8b0dd-s.custom-banner-cls > div.t26g82q.mgz-element.nav-item > a,https://www.phonelcdparts.com/google-pixel/fitbit-watches/fitbit-inspire-3,False,False,2026-09-07T12:46:56+00:00,,,,,,cross_hierarchy_url
Phone LCD Parts,https://www.phonelcdparts.com/,Other Models,,5,hover,Fitbit Watches,,13,click,Fitbit Charge 5,https://www.phonelcdparts.com/google-pixel/fitbit-watches/fitbit-charge-5,3,1,3,3,click,div.seyg9gr.mgz-element.mgz-element-row.full_width_row > div.mgz-element-inner.seyg9gr-s.custom-banner-cls > div.inner-content.mgz-container > div.rm8b0dd.mgz-element.mgz-element-column.swp-mega-category > div.mgz-element-inner.rm8b0dd-s.custom-banner-cls > div.cw5grhl.mgz-element.nav-item > a,https://www.phonelcdparts.com/google-pixel/fitbit-watches/fitbit-charge-5,False,False,2026-09-07T12:46:56+00:00,,,,,,cross_hierarchy_url
Phone LCD Parts,https://www.phonelcdparts.com/,Other Models,,5,hover,Fitbit Watches,,13,click,Fitbit Sense 2,https://www.phonelcdparts.com/google-pixel/fitbit-watches/fitbit-sense-2,4,1,4,3,click,div.seyg9gr.mgz-element.mgz-element-row.full_width_row > div.mgz-element-inner.seyg9gr-s.custom-banner-cls > div.inner-content.mgz-container > div.rm8b0dd.mgz-element.mgz-element-column.swp-mega-category > div.mgz-element-inner.rm8b0dd-s.custom-banner-cls > div.i1osvpp.mgz-element.nav-item > a,https://www.phonelcdparts.com/google-pixel/fitbit-watches/fitbit-sense-2,False,False,2026-09-07T12:46:56+00:00,,,,,,cross_hierarchy_url
Phone LCD Parts,https://www.phonelcdparts.com/,Other Models,,5,hover,Fitbit Watches,,13,click,Fitbit Sense,https://www.phonelcdparts.com/google-pixel/fitbit-watches/fitbit-sense,5,1,5,3,click,div.seyg9gr.mgz-element.mgz-element-row.full_width_row > div.mgz-element-inner.seyg9gr-s.custom-banner-cls > div.inner-content.mgz-container > div.rm8b0dd.mgz-element.mgz-element-column.swp-mega-category > div.mgz-element-inner.rm8b0dd-s.custom-banner-cls > div.jyfm26h.mgz-element.nav-item > a,https://www.phonelcdparts.com/google-pixel/fitbit-watches/fitbit-sense,False,False,2026-09-07T12:46:56+00:00,,,,,,cross_hierarchy_url
Phone LCD Parts,https://www.phonelcdparts.com/,Other Models,,5,hover,Fitbit Watches,,13,click,Fitbit Ionic,https://www.phonelcdparts.com/google-pixel/fitbit-watches/fitbit-ionic,6,1,6,3,click,div.seyg9gr.mgz-element.mgz-element-row.full_width_row > div.mgz-element-inner.seyg9gr-s.custom-banner-cls > div.inner-content.mgz-container > div.rm8b0dd.mgz-element.mgz-element-column.swp-mega-category > div.mgz-element-inner.rm8b0dd-s.custom-banner-cls > div.q0fvv9q.mgz-element.nav-item > a,https://www.phonelcdparts.com/google-pixel/fitbit-watches/fitbit-ionic,False,False,2026-09-07T12:46:56+00:00,,,,,,cross_hierarchy_url
Phone LCD Parts,https://www.phonelcdparts.com/,Other Models,,5,hover,Honor,,18,click,Honor,https://www.phonelcdparts.com/other-parts/honor,1,1,1,3,click,div.x2n7ikq.mgz-element.mgz-element-row.full_width_row > div.mgz-element-inner.x2n7ikq-s.custom-banner-cls > div.inner-content.mgz-container > div.xt5ym4b.mgz-element.mgz-element-column.mgz-col-xl-3 > div.mgz-element-inner.xt5ym4b-s.custom-banner-cls > div.y7c1q7d.mgz-element.swp-mega-category.nav-item > a,https://www.phonelcdparts.com/other-parts/honor,False,True,2026-09-07T12:46:56+00:00,,,,,,exact
Phone LCD Parts,https://www.phonelcdparts.com/,Other Models,,5,hover,Honor,,18,click,Honor,https://www.phonelcdparts.com/other-parts/honor,21,1,21,3,click,div.x2n7ikq.mgz-element.mgz-element-row.full_width_row > div.mgz-element-inner.x2n7ikq-s.custom-banner-cls > div.inner-content.mgz-container > div.i2jpetf.mgz-element.mgz-element-column.mgz-col-xl-3 > div.mgz-element-inner.i2jpetf-s.custom-banner-cls > div.yuicgnf.mgz-element.swp-mega-category.nav-item > a,https://www.phonelcdparts.com/other-parts/honor,False,True,2026-09-07T12:46:56+00:00,,,,,,exact
Phone LCD Parts,https://www.phonelcdparts.com/,Other Models,,5,hover,OnePlus,,27,click,OnePlus,https://www.phonelcdparts.com/other-parts/oneplus,1,1,1,3,click,div.h7042f9.mgz-element.mgz-element-row.full_width_row > div.mgz-element-inner.h7042f9-s.custom-banner-cls > div.inner-content.mgz-container > div.qy04a3r.mgz-element.mgz-element-column.mgz-col-xl-15 > div.mgz-element-inner.qy04a3r-s.custom-banner-cls > div.f3v9lqr.mgz-element.swp-mega-category.nav-item > a,https://www.phonelcdparts.com/other-parts/oneplus,False,False,2026-09-07T12:46:56+00:00,,,,,,cross_hierarchy_url
Phone LCD Parts,https://www.phonelcdparts.com/,Other Models,,5,hover,OnePlus,,27,click,OnePlus Nord,https://www.phonelcdparts.com/other-parts/oneplus,31,1,31,3,click,div.h7042f9.mgz-element.mgz-element-row.full_width_row > div.mgz-element-inner.h7042f9-s.custom-banner-cls > div.inner-content.mgz-container > div.wyvjcay.mgz-element.mgz-element-column.mgz-col-xl-15 > div.mgz-element-inner.wyvjcay-s.custom-banner-cls > div.jgg3ltj.mgz-element.swp-mega-category.nav-item > a,https://www.phonelcdparts.com/other-parts/oneplus,False,False,2026-09-07T12:46:56+00:00,,,,,,cross_hierarchy_url
Phone LCD Parts,https://www.phonelcdparts.com/,Other Models,,5,hover,OnePlus,,27,click,OnePlus Ace,https://www.phonelcdparts.com/other-parts/oneplus,52,1,52,3,click,div.h7042f9.mgz-element.mgz-element-row.full_width_row > div.mgz-element-inner.h7042f9-s.custom-banner-cls > div.inner-content.mgz-container > div.p372l9j.mgz-element.mgz-element-column.mgz-col-xl-15 > div.mgz-element-inner.p372l9j-s.custom-banner-cls > div.tj2h3qc.mgz-element.swp-mega-category.nav-item > a,https://www.phonelcdparts.com/other-parts/oneplus,False,False,2026-09-07T12:46:56+00:00,,,,,,cross_hierarchy_url
Phone LCD Parts,https://www.phonelcdparts.com/,Other Models,,5,hover,OnePlus,,27,click,OnePlus Pad,https://www.phonelcdparts.com/other-parts/oneplus,60,1,60,3,click,div.h7042f9.mgz-element.mgz-element-row.full_width_row > div.mgz-element-inner.h7042f9-s.custom-banner-cls > div.inner-content.mgz-container > div.omwv4ss.mgz-element.mgz-element-column.mgz-col-xl-15 > div.mgz-element-inner.omwv4ss-s.custom-banner-cls > div.qldaljv.mgz-element.swp-mega-category.nav-item > a,https://www.phonelcdparts.com/other-parts/oneplus,False,False,2026-09-07T12:46:56+00:00,,,,,,cross_hierarchy_url
Phone LCD Parts,https://www.phonelcdparts.com/,Other Models,,5,hover,TCL,,33,click,TCL Series,https://www.phonelcdparts.com/other-parts/tcl/tcl-series,1,1,1,3,click,div.yvf1ohf.mgz-element.mgz-element-row.full_width_row > div.mgz-element-inner.yvf1ohf-s.custom-banner-cls > div.inner-content.mgz-container > div.pvambop.mgz-element.mgz-element-column.swp-mega-category > div.mgz-element-inner.pvambop-s.custom-banner-cls > div.g551eod.mgz-element.swp-mega-category.nav-item > a,https://www.phonelcdparts.com/other-parts/tcl/tcl-series,False,True,2026-09-07T12:46:56+00:00,,,,,,exact
Phone LCD Parts,https://www.phonelcdparts.com/,Other Models,,5,hover,TCL,,33,click,TCL Series,https://www.phonelcdparts.com/other-parts/tcl/tcl-series,26,1,26,3,click,div.yvf1ohf.mgz-element.mgz-element-row.full_width_row > div.mgz-element-inner.yvf1ohf-s.custom-banner-cls > div.inner-content.mgz-container > div.dklkphw.mgz-element.mgz-element-column.swp-mega-category > div.mgz-element-inner.dklkphw-s.custom-banner-cls > div.ctbk73a.mgz-element.swp-mega-category.nav-item > a,https://www.phonelcdparts.com/other-parts/tcl/tcl-series,False,True,2026-09-07T12:46:56+00:00,,,,,,exact
Phone LCD Parts,https://www.phonelcdparts.com/,Other Models,,5,hover,Xiaomi / Redmi,,37,click,Xiaomi,https://www.phonelcdparts.com/other-parts/xiaomi,1,1,1,3,click,div.hiicfcj.mgz-element.mgz-element-row.full_width_row > div.mgz-element-inner.hiicfcj-s.custom-banner-cls > div.inner-content.mgz-container > div.sjab3km.mgz-element.mgz-element-column.mgz-col-xl-3 > div.mgz-element-inner.sjab3km-s.custom-banner-cls > div.f2l9b58.mgz-element.swp-menu-back.nav-item > a,https://www.phonelcdparts.com/other-parts/xiaomi,False,False,2026-09-07T12:46:56+00:00,,,,,,cross_hierarchy_url
Phone LCD Parts,https://www.phonelcdparts.com/,Other Models,,5,hover,Xiaomi / Redmi,,37,click,Poco,https://www.phonelcdparts.com/other-parts/xiaomi,39,1,39,3,click,div.hiicfcj.mgz-element.mgz-element-row.full_width_row > div.mgz-element-inner.hiicfcj-s.custom-banner-cls > div.inner-content.mgz-container > div.xawu52b.mgz-element.mgz-element-column.mgz-col-xl-3 > div.mgz-element-inner.xawu52b-s.custom-banner-cls > div.nl9jiu6.mgz-element.swp-menu-back.nav-item > a,https://www.phonelcdparts.com/other-parts/xiaomi,False,False,2026-09-07T12:46:56+00:00,,,,,,cross_hierarchy_url
Phone LCD Parts,https://www.phonelcdparts.com/,Other Models,,5,hover,Xiaomi / Redmi,,37,click,Redmi,https://www.phonelcdparts.com/other-parts/xiaomi,72,1,72,3,click,div.hiicfcj.mgz-element.mgz-element-row.full_width_row > div.mgz-element-inner.hiicfcj-s.custom-banner-cls > div.inner-content.mgz-container > div.b2ev8lc.mgz-element.mgz-element-column.mgz-col-xl-3 > div.mgz-element-inner.b2ev8lc-s.custom-banner-cls > div.bar1oyw.mgz-element.swp-menu-back.nav-item > a,https://www.phonelcdparts.com/other-parts/xiaomi,False,False,2026-09-07T12:46:56+00:00,,,,,,cross_hierarchy_url
Phone LCD Parts,https://www.phonelcdparts.com/,Other Models,,5,hover,Xiaomi / Redmi,,37,click,Redmi Note,https://www.phonelcdparts.com/other-parts/xiaomi,110,1,110,3,click,div.hiicfcj.mgz-element.mgz-element-row.full_width_row > div.mgz-element-inner.hiicfcj-s.custom-banner-cls > div.inner-content.mgz-container > div.huf4a2i.mgz-element.mgz-element-column.mgz-col-xl-3 > div.mgz-element-inner.huf4a2i-s.custom-banner-cls > div.tll4ix3.mgz-element.swp-menu-back.nav-item > a,https://www.phonelcdparts.com/other-parts/xiaomi,False,False,2026-09-07T12:46:56+00:00,,,,,,cross_hierarchy_url
Phone LCD Parts,https://www.phonelcdparts.com/,Game Console,,6,hover,Gaming Accessories,,9,click,PC Gaming,https://www.phonelcdparts.com/game-console/gaming-accessories/pc-gaming,6,1,6,3,safari-http-menu-api,div.mgz-element-inner.ad9i1ic-s.custom-banner-cls > div.n94s0v3.mgz-element.mgz-element-tabs.swp-tools-tabs > div.mgz-element-inner.n94s0v3-s.swp-tools-tabs-inner.custom-banner-cls > div.mgz-tabs.mgz-tabs-n94s0v3.mgz-element-tab-align-left.mgz-element-tab-position-left > div.mgz-tabs-nav > div.gu38stg.tab-gu38stg-title.mgz-tabs-tab-title > a,https://www.phonelcdparts.com/game-console/gaming-accessories/pc-gaming,False,False,2026-09-07T12:46:56+00:00,,,,,,cross_hierarchy_url
Phone LCD Parts,https://www.phonelcdparts.com/,Cases,,7,hover,Apple Case,,1,click,Universal Cases,https://www.phonelcdparts.com/phone-cases/universal-cases,43,1,43,3,click,div.inner-content.mgz-container > div.jo32920.mgz-element.mgz-element-column.mgz-col-xl-3 > div.mgz-element-inner.jo32920-s.custom-banner-cls > div.agrclqo.mgz-element.swp-mega-category.nav-item > div.item-submenu.mgz-element-inner.agrclqo-s.custom-banner-cls > div.dgqfdit.mgz-element.nav-item > a,https://www.phonelcdparts.com/phone-cases/universal-cases,False,False,2026-09-07T12:46:56+00:00,,,,,,cross_hierarchy_url
Phone LCD Parts,https://www.phonelcdparts.com/,Cases,,7,hover,Apple Case,,1,click,PopSockets,https://www.phonelcdparts.com/phone-cases/popsockets,90,1,90,3,click,div.inner-content.mgz-container > div.deuy14a.mgz-element.mgz-element-column.mgz-col-xl-3 > div.mgz-element-inner.deuy14a-s.custom-banner-cls > div.lgsbajc.mgz-element.swp-menu-back.text-16 > div.item-submenu.mgz-element-inner.lgsbajc-s.custom-banner-cls > div.ufqg198.mgz-element.nav-item > a,https://www.phonelcdparts.com/phone-cases/popsockets,False,False,2026-09-07T12:46:56+00:00,,,,,,cross_hierarchy_url
Phone LCD Parts,https://www.phonelcdparts.com/,Cases,,7,hover,Apple Case,,1,click,Ring Grip & Bluetooth Ring Grip,https://www.phonelcdparts.com/phone-cases/bluetooth-ring-grip,91,1,91,3,click,div.inner-content.mgz-container > div.deuy14a.mgz-element.mgz-element-column.mgz-col-xl-3 > div.mgz-element-inner.deuy14a-s.custom-banner-cls > div.lgsbajc.mgz-element.swp-menu-back.text-16 > div.item-submenu.mgz-element-inner.lgsbajc-s.custom-banner-cls > div.lu4vodb.mgz-element.nav-item > a,https://www.phonelcdparts.com/phone-cases/bluetooth-ring-grip,False,False,2026-09-07T12:46:56+00:00,,,,,,cross_hierarchy_url
Phone LCD Parts,https://www.phonelcdparts.com/,Cases,,7,hover,Samsung Case,,2,click,Universal Cases,https://www.phonelcdparts.com/phone-cases/universal-cases,141,1,141,3,click,div.inner-content.mgz-container > div.hsftsng.mgz-element.mgz-element-column.mgz-col-xl-3 > div.mgz-element-inner.hsftsng-s.custom-banner-cls > div.wcq4nii.mgz-element.swp-mega-category.nav-item > div.item-submenu.mgz-element-inner.wcq4nii-s.custom-banner-cls > div.x011u7u.mgz-element.nav-item > a,https://www.phonelcdparts.com/phone-cases/universal-cases,False,False,2026-09-07T12:46:56+00:00,,,,,,cross_hierarchy_url
Phone LCD Parts,https://www.phonelcdparts.com/,Cases,,7,hover,Samsung Case,,2,click,X Cover Cases,https://www.phonelcdparts.com/phone-cases/samsung-cases/xcover-cases,165,1,165,3,click,div.f2ahero.mgz-element.mgz-element-row.full_width_row > div.mgz-element-inner.f2ahero-s.custom-banner-cls > div.inner-content.mgz-container > div.fc2jdhj.mgz-element.mgz-element-column.mgz-col-xl-2 > div.mgz-element-inner.fc2jdhj-s.custom-banner-cls > div.e7hj13r.mgz-element.swp-mega-category.nav-item > a,https://www.phonelcdparts.com/phone-cases/samsung-cases/xcover-cases,False,False,2026-09-07T12:46:56+00:00,,,,,,cross_hierarchy_url
Phone LCD Parts,https://www.phonelcdparts.com/,Cases,,7,hover,Samsung Case,,2,click,X Cover 6 Pro,https://www.phonelcdparts.com/phone-cases/samsung-cases/xcover-cases,166,1,166,3,click,div.inner-content.mgz-container > div.fc2jdhj.mgz-element.mgz-element-column.mgz-col-xl-2 > div.mgz-element-inner.fc2jdhj-s.custom-banner-cls > div.e7hj13r.mgz-element.swp-mega-category.nav-item > div.item-submenu.mgz-element-inner.e7hj13r-s.custom-banner-cls > div.sssfygu.mgz-element.nav-item > a,https://www.phonelcdparts.com/phone-cases/samsung-cases/xcover-cases,False,False,2026-09-07T12:46:56+00:00,,,,,,cross_hierarchy_url
Phone LCD Parts,https://www.phonelcdparts.com/,Cases,,7,hover,Google Pixel Case,,5,click,Google Pixel Cases,https://www.phonelcdparts.com/phone-cases/google-pixel-cases,1,1,1,3,click,div.j69hpgn.mgz-element.mgz-element-row.full_width_row > div.mgz-element-inner.j69hpgn-s.custom-banner-cls > div.inner-content.mgz-container > div.y00svgd.mgz-element.mgz-element-column.mgz-col-xl-4 > div.mgz-element-inner.y00svgd-s.custom-banner-cls > div.ywk5oc3.mgz-element.swp-mega-category.nav-item > a,https://www.phonelcdparts.com/phone-cases/google-pixel-cases,False,True,2026-09-07T12:46:56+00:00,,,,,,exact
Phone LCD Parts,https://www.phonelcdparts.com/,Cases,,7,hover,Google Pixel Case,,5,click,Google Pixel Cases,https://www.phonelcdparts.com/phone-cases/google-pixel-cases,18,1,18,3,click,div.j69hpgn.mgz-element.mgz-element-row.full_width_row > div.mgz-element-inner.j69hpgn-s.custom-banner-cls > div.inner-content.mgz-container > div.tjk90fb.mgz-element.mgz-element-column.mgz-col-xl-4 > div.mgz-element-inner.tjk90fb-s.custom-banner-cls > div.hbfx2po.mgz-element.swp-mega-category.nav-item > a,https://www.phonelcdparts.com/phone-cases/google-pixel-cases,False,True,2026-09-07T12:46:56+00:00,,,,,,exact
Phone LCD Parts,https://www.phonelcdparts.com/,Cases,,7,hover,Google Pixel Case,,5,click,Google Pixel Tablet Cases,https://www.phonelcdparts.com/phone-cases/google-pixel-cases,29,1,29,3,click,div.j69hpgn.mgz-element.mgz-element-row.full_width_row > div.mgz-element-inner.j69hpgn-s.custom-banner-cls > div.inner-content.mgz-container > div.xrunwtn.mgz-element.mgz-element-column.mgz-col-xl-4 > div.mgz-element-inner.xrunwtn-s.custom-banner-cls > div.g3e1bk6.mgz-element.swp-mega-category.nav-item > a,https://www.phonelcdparts.com/phone-cases/google-pixel-cases,False,False,2026-09-07T12:46:56+00:00,,,,,,cross_hierarchy_url
Phone LCD Parts,https://www.phonelcdparts.com/,Cases,,7,hover,Universal Case,,11,click,PopSockets,https://www.phonelcdparts.com/phone-cases/popsockets,2,1,2,3,click,div.yfok9kp.mgz-element.mgz-element-row.full_width_row > div.mgz-element-inner.yfok9kp-s.custom-banner-cls > div.inner-content.mgz-container > div.eoco2ym.mgz-element.mgz-element-column.swp-mega-category > div.mgz-element-inner.eoco2ym-s.custom-banner-cls > div.hkmw1q9.mgz-element.nav-item.label-right > a,https://www.phonelcdparts.com/phone-cases/popsockets,False,False,2026-09-07T12:46:56+00:00,,,,,,cross_hierarchy_url
Phone LCD Parts,https://www.phonelcdparts.com/,Cases,,7,hover,Universal Case,,11,click,Ring Grip & Bluetooth Ring Grip,https://www.phonelcdparts.com/phone-cases/bluetooth-ring-grip,3,1,3,3,click,div.yfok9kp.mgz-element.mgz-element-row.full_width_row > div.mgz-element-inner.yfok9kp-s.custom-banner-cls > div.inner-content.mgz-container > div.eoco2ym.mgz-element.mgz-element-column.swp-mega-category > div.mgz-element-inner.eoco2ym-s.custom-banner-cls > div.mvyde3x.mgz-element.nav-item.label-right > a,https://www.phonelcdparts.com/phone-cases/bluetooth-ring-grip,False,False,2026-09-07T12:46:56+00:00,,,,,,cross_hierarchy_url
Phone LCD Parts,https://www.phonelcdparts.com/,Cases,,7,hover,Universal Case,,11,click,Waterproof Cases,https://www.phonelcdparts.com/phone-cases/water-resistant-cases,4,1,4,3,click,div.yfok9kp.mgz-element.mgz-element-row.full_width_row > div.mgz-element-inner.yfok9kp-s.custom-banner-cls > div.inner-content.mgz-container > div.eoco2ym.mgz-element.mgz-element-column.swp-mega-category > div.mgz-element-inner.eoco2ym-s.custom-banner-cls > div.rnhi04s.mgz-element.nav-item.label-right > a,https://www.phonelcdparts.com/phone-cases/water-resistant-cases,False,False,2026-09-07T12:46:56+00:00,,,,,,cross_hierarchy_url
Phone LCD Parts,https://www.phonelcdparts.com/,Cases,,7,hover,Revvl Sony Case,,12,click,Card Holder,https://www.phonelcdparts.com/phone-cases/pouch-cases,11,1,11,3,click,div.nkx28lm.mgz-element.mgz-element-row.full_width_row > div.mgz-element-inner.nkx28lm-s.custom-banner-cls > div.inner-content.mgz-container > div.ehc4o55.mgz-element.mgz-element-column.swp-mega-category > div.mgz-element-inner.ehc4o55-s.custom-banner-cls > div.yb4m0y3.mgz-element.nav-item > a,https://www.phonelcdparts.com/phone-cases/pouch-cases,False,False,2026-09-07T12:46:56+00:00,,,,,,cross_hierarchy_url
Phone LCD Parts,https://www.phonelcdparts.com/,Cases,,7,hover,Pouch and Waterproof,,13,click,Waterproof Cases,https://www.phonelcdparts.com/phone-cases/water-resistant-cases,1,1,1,3,click,div.l7dve6n.mgz-element.mgz-element-row.full_width_row > div.mgz-element-inner.l7dve6n-s.custom-banner-cls > div.inner-content.mgz-container > div.b3vbv2i.mgz-element.mgz-element-column.swp-mega-category > div.mgz-element-inner.b3vbv2i-s.custom-banner-cls > div.wxwws88.mgz-element.nav-item > a,https://www.phonelcdparts.com/phone-cases/water-resistant-cases,False,False,2026-09-07T12:46:56+00:00,,,,,,cross_hierarchy_url
Phone LCD Parts,https://www.phonelcdparts.com/,Cases,,7,hover,Pouch and Waterproof,,13,click,Card Holder,https://www.phonelcdparts.com/phone-cases/pouch-cases,3,1,3,3,click,div.l7dve6n.mgz-element.mgz-element-row.full_width_row > div.mgz-element-inner.l7dve6n-s.custom-banner-cls > div.inner-content.mgz-container > div.b3vbv2i.mgz-element.mgz-element-column.swp-mega-category > div.mgz-element-inner.b3vbv2i-s.custom-banner-cls > div.p9tp105.mgz-element.nav-item > a,https://www.phonelcdparts.com/phone-cases/pouch-cases,False,False,2026-09-07T12:46:56+00:00,,,,,,cross_hierarchy_url
Phone LCD Parts,https://www.phonelcdparts.com/,Cases,,7,hover,Pouch and Waterproof,,13,click,Ring Grip & Bluetooth Ring Grip,https://www.phonelcdparts.com/phone-cases/bluetooth-ring-grip,5,1,5,3,click,div.l7dve6n.mgz-element.mgz-element-row.full_width_row > div.mgz-element-inner.l7dve6n-s.custom-banner-cls > div.inner-content.mgz-container > div.b3vbv2i.mgz-element.mgz-element-column.swp-mega-category > div.mgz-element-inner.b3vbv2i-s.custom-banner-cls > div.r4qn2sp.mgz-element.nav-item > a,https://www.phonelcdparts.com/phone-cases/bluetooth-ring-grip,False,False,2026-09-07T12:46:56+00:00,,,,,,cross_hierarchy_url
Phone LCD Parts,https://www.phonelcdparts.com/,Accessories,,8,hover,Accessories,,2,click,Blower Fans,https://www.phonelcdparts.com/accessories-tools/accessories-1/blower-fans,18,1,18,3,safari-http-menu-api,div.mgz-element-inner.i2vt1sp-s.custom-banner-cls > div.fvhw3jg.mgz-element.mgz-element-tabs.swp-tools-tabs > div.mgz-element-inner.fvhw3jg-s.swp-tools-tabs-inner.custom-banner-cls > div.mgz-tabs.mgz-tabs-fvhw3jg.mgz-element-tab-align-left.mgz-element-tab-position-left > div.mgz-tabs-nav > div.dyoe95n.tab-dyoe95n-title.mgz-tabs-tab-title > a,https://www.phonelcdparts.com/accessories-tools/accessories-1/blower-fans,False,False,2026-09-07T12:46:56+00:00,,,,,,cross_hierarchy_url
Phone LCD Parts,https://www.phonelcdparts.com/,Accessories,,8,hover,Flash Memory & Card Readers,,4,click,SSD & HDD Drives,https://www.phonelcdparts.com/accessories-tools/flash-memory-card-readers/ssd-solid-state-drive,3,1,3,3,safari-http-menu-api,div.mgz-element-inner.i2vt1sp-s.custom-banner-cls > div.fvhw3jg.mgz-element.mgz-element-tabs.swp-tools-tabs > div.mgz-element-inner.fvhw3jg-s.swp-tools-tabs-inner.custom-banner-cls > div.mgz-tabs.mgz-tabs-fvhw3jg.mgz-element-tab-align-left.mgz-element-tab-position-left > div.mgz-tabs-nav > div.phhkj1t.tab-phhkj1t-title.mgz-tabs-tab-title > a,https://www.phonelcdparts.com/accessories-tools/flash-memory-card-readers/ssd-solid-state-drive,False,False,2026-09-07T12:46:56+00:00,,,,,,cross_hierarchy_url
Phone LCD Parts,https://www.phonelcdparts.com/,Accessories,,8,hover,Flash Memory & Card Readers,,4,click,Enclosures,https://www.phonelcdparts.com/accessories-tools/flash-memory-card-readers/enclosures,4,1,4,3,safari-http-menu-api,div.mgz-element-inner.i2vt1sp-s.custom-banner-cls > div.fvhw3jg.mgz-element.mgz-element-tabs.swp-tools-tabs > div.mgz-element-inner.fvhw3jg-s.swp-tools-tabs-inner.custom-banner-cls > div.mgz-tabs.mgz-tabs-fvhw3jg.mgz-element-tab-align-left.mgz-element-tab-position-left > div.mgz-tabs-nav > div.phhkj1t.tab-phhkj1t-title.mgz-tabs-tab-title > a,https://www.phonelcdparts.com/accessories-tools/flash-memory-card-readers/enclosures,False,False,2026-09-07T12:46:56+00:00,,,,,,cross_hierarchy_url
Phone LCD Parts,https://www.phonelcdparts.com/,Accessories,,8,hover,Flash Memory & Card Readers,,4,click,RAM,https://www.phonelcdparts.com/accessories-tools/flash-memory-card-readers/ram,5,1,5,3,safari-http-menu-api,div.mgz-element-inner.i2vt1sp-s.custom-banner-cls > div.fvhw3jg.mgz-element.mgz-element-tabs.swp-tools-tabs > div.mgz-element-inner.fvhw3jg-s.swp-tools-tabs-inner.custom-banner-cls > div.mgz-tabs.mgz-tabs-fvhw3jg.mgz-element-tab-align-left.mgz-element-tab-position-left > div.mgz-tabs-nav > div.phhkj1t.tab-phhkj1t-title.mgz-tabs-tab-title > a,https://www.phonelcdparts.com/accessories-tools/flash-memory-card-readers/ram,False,False,2026-09-07T12:46:56+00:00,,,,,,cross_hierarchy_url
Phone LCD Parts,https://www.phonelcdparts.com/,Accessories,,8,hover,Electronics,,5,click,Smart Watch,https://www.phonelcdparts.com/accessories-tools/brands/ldnio/smart-watch,8,1,8,3,safari-http-menu-api,div.mgz-element-inner.i2vt1sp-s.custom-banner-cls > div.fvhw3jg.mgz-element.mgz-element-tabs.swp-tools-tabs > div.mgz-element-inner.fvhw3jg-s.swp-tools-tabs-inner.custom-banner-cls > div.mgz-tabs.mgz-tabs-fvhw3jg.mgz-element-tab-align-left.mgz-element-tab-position-left > div.mgz-tabs-nav > div.qjll9no.tab-qjll9no-title.mgz-tabs-tab-title > a,https://www.phonelcdparts.com/accessories-tools/brands/ldnio/smart-watch,False,False,2026-09-07T12:46:56+00:00,,,,,,cross_hierarchy_url
Phone LCD Parts,https://www.phonelcdparts.com/,Accessories,,8,hover,Electronics,,5,click,Blower Fans,https://www.phonelcdparts.com/accessories-tools/accessories-1/blower-fans,11,1,11,3,safari-http-menu-api,div.mgz-element-inner.i2vt1sp-s.custom-banner-cls > div.fvhw3jg.mgz-element.mgz-element-tabs.swp-tools-tabs > div.mgz-element-inner.fvhw3jg-s.swp-tools-tabs-inner.custom-banner-cls > div.mgz-tabs.mgz-tabs-fvhw3jg.mgz-element-tab-align-left.mgz-element-tab-position-left > div.mgz-tabs-nav > div.qjll9no.tab-qjll9no-title.mgz-tabs-tab-title > a,https://www.phonelcdparts.com/accessories-tools/accessories-1/blower-fans,False,False,2026-09-07T12:46:56+00:00,,,,,,cross_hierarchy_url
Phone LCD Parts,https://www.phonelcdparts.com/,Accessories,,8,hover,Computer Accessories,,7,click,PC Gaming,https://www.phonelcdparts.com/game-console/gaming-accessories/pc-gaming,1,1,1,3,safari-http-menu-api,div.mgz-element-inner.i2vt1sp-s.custom-banner-cls > div.fvhw3jg.mgz-element.mgz-element-tabs.swp-tools-tabs > div.mgz-element-inner.fvhw3jg-s.swp-tools-tabs-inner.custom-banner-cls > div.mgz-tabs.mgz-tabs-fvhw3jg.mgz-element-tab-align-left.mgz-element-tab-position-left > div.mgz-tabs-nav > div.jiet1lu.tab-jiet1lu-title.mgz-tabs-tab-title > a,https://www.phonelcdparts.com/game-console/gaming-accessories/pc-gaming,False,False,2026-09-07T12:46:56+00:00,,,,,,cross_hierarchy_url
Phone LCD Parts,https://www.phonelcdparts.com/,Accessories,,8,hover,Computer Accessories,,7,click,SSD & HDD Drives,https://www.phonelcdparts.com/accessories-tools/flash-memory-card-readers/ssd-solid-state-drive,2,1,2,3,safari-http-menu-api,div.mgz-element-inner.i2vt1sp-s.custom-banner-cls > div.fvhw3jg.mgz-element.mgz-element-tabs.swp-tools-tabs > div.mgz-element-inner.fvhw3jg-s.swp-tools-tabs-inner.custom-banner-cls > div.mgz-tabs.mgz-tabs-fvhw3jg.mgz-element-tab-align-left.mgz-element-tab-position-left > div.mgz-tabs-nav > div.jiet1lu.tab-jiet1lu-title.mgz-tabs-tab-title > a,https://www.phonelcdparts.com/accessories-tools/flash-memory-card-readers/ssd-solid-state-drive,False,False,2026-09-07T12:46:56+00:00,,,,,,cross_hierarchy_url
Phone LCD Parts,https://www.phonelcdparts.com/,Accessories,,8,hover,Computer Accessories,,7,click,Enclosures,https://www.phonelcdparts.com/accessories-tools/flash-memory-card-readers/enclosures,3,1,3,3,safari-http-menu-api,div.mgz-element-inner.i2vt1sp-s.custom-banner-cls > div.fvhw3jg.mgz-element.mgz-element-tabs.swp-tools-tabs > div.mgz-element-inner.fvhw3jg-s.swp-tools-tabs-inner.custom-banner-cls > div.mgz-tabs.mgz-tabs-fvhw3jg.mgz-element-tab-align-left.mgz-element-tab-position-left > div.mgz-tabs-nav > div.jiet1lu.tab-jiet1lu-title.mgz-tabs-tab-title > a,https://www.phonelcdparts.com/accessories-tools/flash-memory-card-readers/enclosures,False,False,2026-09-07T12:46:56+00:00,,,,,,cross_hierarchy_url
Phone LCD Parts,https://www.phonelcdparts.com/,Accessories,,8,hover,Computer Accessories,,7,click,RAM,https://www.phonelcdparts.com/accessories-tools/flash-memory-card-readers/ram,5,1,5,3,safari-http-menu-api,div.mgz-element-inner.i2vt1sp-s.custom-banner-cls > div.fvhw3jg.mgz-element.mgz-element-tabs.swp-tools-tabs > div.mgz-element-inner.fvhw3jg-s.swp-tools-tabs-inner.custom-banner-cls > div.mgz-tabs.mgz-tabs-fvhw3jg.mgz-element-tab-align-left.mgz-element-tab-position-left > div.mgz-tabs-nav > div.jiet1lu.tab-jiet1lu-title.mgz-tabs-tab-title > a,https://www.phonelcdparts.com/accessories-tools/flash-memory-card-readers/ram,False,False,2026-09-07T12:46:56+00:00,,,,,,cross_hierarchy_url
Phone LCD Parts,https://www.phonelcdparts.com/,Accessories,,8,hover,Smart Watch Band,,8,click,Smart Watch,https://www.phonelcdparts.com/accessories-tools/brands/ldnio/smart-watch,3,1,3,3,safari-http-menu-api,div.mgz-element-inner.i2vt1sp-s.custom-banner-cls > div.fvhw3jg.mgz-element.mgz-element-tabs.swp-tools-tabs > div.mgz-element-inner.fvhw3jg-s.swp-tools-tabs-inner.custom-banner-cls > div.mgz-tabs.mgz-tabs-fvhw3jg.mgz-element-tab-align-left.mgz-element-tab-position-left > div.mgz-tabs-nav > div.r3jbohc.tab-r3jbohc-title.mgz-tabs-tab-title > a,https://www.phonelcdparts.com/accessories-tools/brands/ldnio/smart-watch,False,False,2026-09-07T12:46:56+00:00,,,,,,cross_hierarchy_url
Phone LCD Parts,https://www.phonelcdparts.com/,Accessories,,8,hover,Brands,,9,click,Baseus-logo,https://www.phonelcdparts.com/accessories-tools/brands/baseus,1,1,1,3,safari-http-menu-api,div.mgz-element-inner.i2vt1sp-s.custom-banner-cls > div.fvhw3jg.mgz-element.mgz-element-tabs.swp-tools-tabs > div.mgz-element-inner.fvhw3jg-s.swp-tools-tabs-inner.custom-banner-cls > div.mgz-tabs.mgz-tabs-fvhw3jg.mgz-element-tab-align-left.mgz-element-tab-position-left > div.mgz-tabs-nav > div.thgs9qd.tab-thgs9qd-title.mgz-tabs-tab-title > a,https://www.phonelcdparts.com/accessories-tools/brands/baseus,False,False,2026-09-07T12:46:56+00:00,,,,,,cross_hierarchy_url
Phone LCD Parts,https://www.phonelcdparts.com/,Accessories,,8,hover,Brands,,9,click,JBL,https://www.phonelcdparts.com/accessories-tools/brands/jbl,2,1,2,3,safari-http-menu-api,div.mgz-element-inner.i2vt1sp-s.custom-banner-cls > div.fvhw3jg.mgz-element.mgz-element-tabs.swp-tools-tabs > div.mgz-element-inner.fvhw3jg-s.swp-tools-tabs-inner.custom-banner-cls > div.mgz-tabs.mgz-tabs-fvhw3jg.mgz-element-tab-align-left.mgz-element-tab-position-left > div.mgz-tabs-nav > div.thgs9qd.tab-thgs9qd-title.mgz-tabs-tab-title > a,https://www.phonelcdparts.com/accessories-tools/brands/jbl,False,False,2026-09-07T12:46:56+00:00,,,,,,cross_hierarchy_url
Phone LCD Parts,https://www.phonelcdparts.com/,Accessories,,8,hover,Brands,,9,click,ANKER,https://www.phonelcdparts.com/accessories-tools/brands/anker,3,1,3,3,safari-http-menu-api,div.mgz-element-inner.i2vt1sp-s.custom-banner-cls > div.fvhw3jg.mgz-element.mgz-element-tabs.swp-tools-tabs > div.mgz-element-inner.fvhw3jg-s.swp-tools-tabs-inner.custom-banner-cls > div.mgz-tabs.mgz-tabs-fvhw3jg.mgz-element-tab-align-left.mgz-element-tab-position-left > div.mgz-tabs-nav > div.thgs9qd.tab-thgs9qd-title.mgz-tabs-tab-title > a,https://www.phonelcdparts.com/accessories-tools/brands/anker,False,False,2026-09-07T12:46:56+00:00,,,,,,cross_hierarchy_url
Phone LCD Parts,https://www.phonelcdparts.com/,Accessories,,8,hover,Brands,,9,click,MOTOROLA,https://www.phonelcdparts.com/accessories-tools/brands/motorola-sonic,4,1,4,3,safari-http-menu-api,div.mgz-element-inner.i2vt1sp-s.custom-banner-cls > div.fvhw3jg.mgz-element.mgz-element-tabs.swp-tools-tabs > div.mgz-element-inner.fvhw3jg-s.swp-tools-tabs-inner.custom-banner-cls > div.mgz-tabs.mgz-tabs-fvhw3jg.mgz-element-tab-align-left.mgz-element-tab-position-left > div.mgz-tabs-nav > div.thgs9qd.tab-thgs9qd-title.mgz-tabs-tab-title > a,https://www.phonelcdparts.com/accessories-tools/brands/motorola-sonic,False,False,2026-09-07T12:46:56+00:00,,,,,,cross_hierarchy_url
Phone LCD Parts,https://www.phonelcdparts.com/,Accessories,,8,hover,Brands,,9,click,POWERPEAK,https://www.phonelcdparts.com/accessories-tools/brands/powerpeak,5,1,5,3,safari-http-menu-api,div.mgz-element-inner.i2vt1sp-s.custom-banner-cls > div.fvhw3jg.mgz-element.mgz-element-tabs.swp-tools-tabs > div.mgz-element-inner.fvhw3jg-s.swp-tools-tabs-inner.custom-banner-cls > div.mgz-tabs.mgz-tabs-fvhw3jg.mgz-element-tab-align-left.mgz-element-tab-position-left > div.mgz-tabs-nav > div.thgs9qd.tab-thgs9qd-title.mgz-tabs-tab-title > a,https://www.phonelcdparts.com/accessories-tools/brands/powerpeak,False,False,2026-09-07T12:46:56+00:00,,,,,,cross_hierarchy_url
Phone LCD Parts,https://www.phonelcdparts.com/,Accessories,,8,hover,Brands,,9,click,onten,https://www.phonelcdparts.com/accessories-tools/brands/onten,6,1,6,3,safari-http-menu-api,div.mgz-element-inner.i2vt1sp-s.custom-banner-cls > div.fvhw3jg.mgz-element.mgz-element-tabs.swp-tools-tabs > div.mgz-element-inner.fvhw3jg-s.swp-tools-tabs-inner.custom-banner-cls > div.mgz-tabs.mgz-tabs-fvhw3jg.mgz-element-tab-align-left.mgz-element-tab-position-left > div.mgz-tabs-nav > div.thgs9qd.tab-thgs9qd-title.mgz-tabs-tab-title > a,https://www.phonelcdparts.com/accessories-tools/brands/onten,False,False,2026-09-07T12:46:56+00:00,,,,,,cross_hierarchy_url
Phone LCD Parts,https://www.phonelcdparts.com/,Accessories,,8,hover,Brands,,9,click,Derler,https://www.phonelcdparts.com/accessories-tools/brands/derlar,7,1,7,3,safari-http-menu-api,div.mgz-element-inner.i2vt1sp-s.custom-banner-cls > div.fvhw3jg.mgz-element.mgz-element-tabs.swp-tools-tabs > div.mgz-element-inner.fvhw3jg-s.swp-tools-tabs-inner.custom-banner-cls > div.mgz-tabs.mgz-tabs-fvhw3jg.mgz-element-tab-align-left.mgz-element-tab-position-left > div.mgz-tabs-nav > div.thgs9qd.tab-thgs9qd-title.mgz-tabs-tab-title > a,https://www.phonelcdparts.com/accessories-tools/brands/derlar,False,False,2026-09-07T12:46:56+00:00,,,,,,cross_hierarchy_url
Phone LCD Parts,https://www.phonelcdparts.com/,Accessories,,8,hover,Brands,,9,click,Skullcandy,https://www.phonelcdparts.com/accessories-tools/brands/skullcandy,8,1,8,3,safari-http-menu-api,div.mgz-element-inner.i2vt1sp-s.custom-banner-cls > div.fvhw3jg.mgz-element.mgz-element-tabs.swp-tools-tabs > div.mgz-element-inner.fvhw3jg-s.swp-tools-tabs-inner.custom-banner-cls > div.mgz-tabs.mgz-tabs-fvhw3jg.mgz-element-tab-align-left.mgz-element-tab-position-left > div.mgz-tabs-nav > div.thgs9qd.tab-thgs9qd-title.mgz-tabs-tab-title > a,https://www.phonelcdparts.com/accessories-tools/brands/skullcandy,False,False,2026-09-07T12:46:56+00:00,,,,,,cross_hierarchy_url
Phone LCD Parts,https://www.phonelcdparts.com/,Accessories,,8,hover,Brands,,9,click,ESOULK,https://www.phonelcdparts.com/accessories-tools/brands/esoulk,9,1,9,3,safari-http-menu-api,div.mgz-element-inner.i2vt1sp-s.custom-banner-cls > div.fvhw3jg.mgz-element.mgz-element-tabs.swp-tools-tabs > div.mgz-element-inner.fvhw3jg-s.swp-tools-tabs-inner.custom-banner-cls > div.mgz-tabs.mgz-tabs-fvhw3jg.mgz-element-tab-align-left.mgz-element-tab-position-left > div.mgz-tabs-nav > div.thgs9qd.tab-thgs9qd-title.mgz-tabs-tab-title > a,https://www.phonelcdparts.com/accessories-tools/brands/esoulk,False,False,2026-09-07T12:46:56+00:00,,,,,,cross_hierarchy_url
Phone LCD Parts,https://www.phonelcdparts.com/,Accessories,,8,hover,Brands,,9,click,EVO,https://www.phonelcdparts.com/accessories-tools/brands/evo,10,1,10,3,safari-http-menu-api,div.mgz-element-inner.i2vt1sp-s.custom-banner-cls > div.fvhw3jg.mgz-element.mgz-element-tabs.swp-tools-tabs > div.mgz-element-inner.fvhw3jg-s.swp-tools-tabs-inner.custom-banner-cls > div.mgz-tabs.mgz-tabs-fvhw3jg.mgz-element-tab-align-left.mgz-element-tab-position-left > div.mgz-tabs-nav > div.thgs9qd.tab-thgs9qd-title.mgz-tabs-tab-title > a,https://www.phonelcdparts.com/accessories-tools/brands/evo,False,False,2026-09-07T12:46:56+00:00,,,,,,cross_hierarchy_url
Phone LCD Parts,https://www.phonelcdparts.com/,Accessories,,8,hover,Brands,,9,click,toocki,https://www.phonelcdparts.com/accessories-tools/brands/gan-chargers-fast-cables,11,1,11,3,safari-http-menu-api,div.mgz-element-inner.i2vt1sp-s.custom-banner-cls > div.fvhw3jg.mgz-element.mgz-element-tabs.swp-tools-tabs > div.mgz-element-inner.fvhw3jg-s.swp-tools-tabs-inner.custom-banner-cls > div.mgz-tabs.mgz-tabs-fvhw3jg.mgz-element-tab-align-left.mgz-element-tab-position-left > div.mgz-tabs-nav > div.thgs9qd.tab-thgs9qd-title.mgz-tabs-tab-title > a,https://www.phonelcdparts.com/accessories-tools/brands/gan-chargers-fast-cables,False,False,2026-09-07T12:46:56+00:00,,,,,,cross_hierarchy_url
Phone LCD Parts,https://www.phonelcdparts.com/,Accessories,,8,hover,Brands,,9,click,LDINO,https://www.phonelcdparts.com/accessories-tools/brands/ldnio,12,1,12,3,safari-http-menu-api,div.mgz-element-inner.i2vt1sp-s.custom-banner-cls > div.fvhw3jg.mgz-element.mgz-element-tabs.swp-tools-tabs > div.mgz-element-inner.fvhw3jg-s.swp-tools-tabs-inner.custom-banner-cls > div.mgz-tabs.mgz-tabs-fvhw3jg.mgz-element-tab-align-left.mgz-element-tab-position-left > div.mgz-tabs-nav > div.thgs9qd.tab-thgs9qd-title.mgz-tabs-tab-title > a,https://www.phonelcdparts.com/accessories-tools/brands/ldnio,False,False,2026-09-07T12:46:56+00:00,,,,,,cross_hierarchy_url
Phone LCD Parts,https://www.phonelcdparts.com/,Accessories,,8,hover,Brands,,9,click,ven-dens,https://www.phonelcdparts.com/accessories-tools/brands/ven-dens,13,1,13,3,safari-http-menu-api,div.mgz-element-inner.i2vt1sp-s.custom-banner-cls > div.fvhw3jg.mgz-element.mgz-element-tabs.swp-tools-tabs > div.mgz-element-inner.fvhw3jg-s.swp-tools-tabs-inner.custom-banner-cls > div.mgz-tabs.mgz-tabs-fvhw3jg.mgz-element-tab-align-left.mgz-element-tab-position-left > div.mgz-tabs-nav > div.thgs9qd.tab-thgs9qd-title.mgz-tabs-tab-title > a,https://www.phonelcdparts.com/accessories-tools/brands/ven-dens,False,False,2026-09-07T12:46:56+00:00,,,,,,cross_hierarchy_url
Phone LCD Parts,https://www.phonelcdparts.com/,Accessories,,8,hover,Brands,,9,click,DOBE,https://www.phonelcdparts.com/accessories-tools/brands/dobe,14,1,14,3,safari-http-menu-api,div.mgz-element-inner.i2vt1sp-s.custom-banner-cls > div.fvhw3jg.mgz-element.mgz-element-tabs.swp-tools-tabs > div.mgz-element-inner.fvhw3jg-s.swp-tools-tabs-inner.custom-banner-cls > div.mgz-tabs.mgz-tabs-fvhw3jg.mgz-element-tab-align-left.mgz-element-tab-position-left > div.mgz-tabs-nav > div.thgs9qd.tab-thgs9qd-title.mgz-tabs-tab-title > a,https://www.phonelcdparts.com/accessories-tools/brands/dobe,False,False,2026-09-07T12:46:56+00:00,,,,,,cross_hierarchy_url
Phone LCD Parts,https://www.phonelcdparts.com/,Accessories,,8,hover,Brands,,9,click,Brookstone,https://www.phonelcdparts.com/accessories-tools/brands/brookstone,15,1,15,3,safari-http-menu-api,div.mgz-element-inner.i2vt1sp-s.custom-banner-cls > div.fvhw3jg.mgz-element.mgz-element-tabs.swp-tools-tabs > div.mgz-element-inner.fvhw3jg-s.swp-tools-tabs-inner.custom-banner-cls > div.mgz-tabs.mgz-tabs-fvhw3jg.mgz-element-tab-align-left.mgz-element-tab-position-left > div.mgz-tabs-nav > div.thgs9qd.tab-thgs9qd-title.mgz-tabs-tab-title > a,https://www.phonelcdparts.com/accessories-tools/brands/brookstone,False,False,2026-09-07T12:46:56+00:00,,,,,,cross_hierarchy_url
Phone LCD Parts,https://www.phonelcdparts.com/,Accessories,,8,hover,Brands,,9,click,EVOGERA,https://www.phonelcdparts.com/accessories-tools/brands/evogera,16,1,16,3,safari-http-menu-api,div.mgz-element-inner.i2vt1sp-s.custom-banner-cls > div.fvhw3jg.mgz-element.mgz-element-tabs.swp-tools-tabs > div.mgz-element-inner.fvhw3jg-s.swp-tools-tabs-inner.custom-banner-cls > div.mgz-tabs.mgz-tabs-fvhw3jg.mgz-element-tab-align-left.mgz-element-tab-position-left > div.mgz-tabs-nav > div.thgs9qd.tab-thgs9qd-title.mgz-tabs-tab-title > a,https://www.phonelcdparts.com/accessories-tools/brands/evogera,False,False,2026-09-07T12:46:56+00:00,,,,,,cross_hierarchy_url
Phone LCD Parts,https://www.phonelcdparts.com/,Accessories,,8,hover,Brands,,9,click,POPSOCKET,https://www.phonelcdparts.com/accessories-tools/brands/popsockets,17,1,17,3,safari-http-menu-api,div.mgz-element-inner.i2vt1sp-s.custom-banner-cls > div.fvhw3jg.mgz-element.mgz-element-tabs.swp-tools-tabs > div.mgz-element-inner.fvhw3jg-s.swp-tools-tabs-inner.custom-banner-cls > div.mgz-tabs.mgz-tabs-fvhw3jg.mgz-element-tab-align-left.mgz-element-tab-position-left > div.mgz-tabs-nav > div.thgs9qd.tab-thgs9qd-title.mgz-tabs-tab-title > a,https://www.phonelcdparts.com/accessories-tools/brands/popsockets,False,False,2026-09-07T12:46:56+00:00,,,,,,cross_hierarchy_url
Phone LCD Parts,https://www.phonelcdparts.com/,Accessories,,8,hover,Brands,,9,click,HOPESTAR,https://www.phonelcdparts.com/accessories-tools/brands/hopestar,18,1,18,3,safari-http-menu-api,div.mgz-element-inner.i2vt1sp-s.custom-banner-cls > div.fvhw3jg.mgz-element.mgz-element-tabs.swp-tools-tabs > div.mgz-element-inner.fvhw3jg-s.swp-tools-tabs-inner.custom-banner-cls > div.mgz-tabs.mgz-tabs-fvhw3jg.mgz-element-tab-align-left.mgz-element-tab-position-left > div.mgz-tabs-nav > div.thgs9qd.tab-thgs9qd-title.mgz-tabs-tab-title > a,https://www.phonelcdparts.com/accessories-tools/brands/hopestar,False,False,2026-09-07T12:46:56+00:00,,,,,,cross_hierarchy_url
Phone LCD Parts,https://www.phonelcdparts.com/,Accessories,,8,hover,Brands,,9,click,pomgear-logo,https://www.phonelcdparts.com/accessories-tools/brands/pom-gear,19,1,19,3,safari-http-menu-api,div.mgz-element-inner.i2vt1sp-s.custom-banner-cls > div.fvhw3jg.mgz-element.mgz-element-tabs.swp-tools-tabs > div.mgz-element-inner.fvhw3jg-s.swp-tools-tabs-inner.custom-banner-cls > div.mgz-tabs.mgz-tabs-fvhw3jg.mgz-element-tab-align-left.mgz-element-tab-position-left > div.mgz-tabs-nav > div.thgs9qd.tab-thgs9qd-title.mgz-tabs-tab-title > a,https://www.phonelcdparts.com/accessories-tools/brands/pom-gear,False,False,2026-09-07T12:46:56+00:00,,,,,,cross_hierarchy_url
Phone LCD Parts,https://www.phonelcdparts.com/,Accessories,,8,hover,Brands,,9,click,ottocast-brand-logo,https://www.phonelcdparts.com/accessories-tools/brands/ottocast,20,1,20,3,safari-http-menu-api,div.mgz-element-inner.i2vt1sp-s.custom-banner-cls > div.fvhw3jg.mgz-element.mgz-element-tabs.swp-tools-tabs > div.mgz-element-inner.fvhw3jg-s.swp-tools-tabs-inner.custom-banner-cls > div.mgz-tabs.mgz-tabs-fvhw3jg.mgz-element-tab-align-left.mgz-element-tab-position-left > div.mgz-tabs-nav > div.thgs9qd.tab-thgs9qd-title.mgz-tabs-tab-title > a,https://www.phonelcdparts.com/accessories-tools/brands/ottocast,False,False,2026-09-07T12:46:56+00:00,,,,,,cross_hierarchy_url
Phone LCD Parts,https://www.phonelcdparts.com/,Accessories,,8,hover,Brands,,9,click,BYTECH,https://www.phonelcdparts.com/accessories-tools/brands/bytech,21,1,21,3,safari-http-menu-api,div.mgz-element-inner.i2vt1sp-s.custom-banner-cls > div.fvhw3jg.mgz-element.mgz-element-tabs.swp-tools-tabs > div.mgz-element-inner.fvhw3jg-s.swp-tools-tabs-inner.custom-banner-cls > div.mgz-tabs.mgz-tabs-fvhw3jg.mgz-element-tab-align-left.mgz-element-tab-position-left > div.mgz-tabs-nav > div.thgs9qd.tab-thgs9qd-title.mgz-tabs-tab-title > a,https://www.phonelcdparts.com/accessories-tools/brands/bytech,False,False,2026-09-07T12:46:56+00:00,,,,,,cross_hierarchy_url
Phone LCD Parts,https://www.phonelcdparts.com/,Accessories,,8,hover,Brands,,9,click,BUD_Light_Budweiser,https://www.phonelcdparts.com/accessories-tools/brands/bud-light-budweiser,22,1,22,3,safari-http-menu-api,div.mgz-element-inner.i2vt1sp-s.custom-banner-cls > div.fvhw3jg.mgz-element.mgz-element-tabs.swp-tools-tabs > div.mgz-element-inner.fvhw3jg-s.swp-tools-tabs-inner.custom-banner-cls > div.mgz-tabs.mgz-tabs-fvhw3jg.mgz-element-tab-align-left.mgz-element-tab-position-left > div.mgz-tabs-nav > div.thgs9qd.tab-thgs9qd-title.mgz-tabs-tab-title > a,https://www.phonelcdparts.com/accessories-tools/brands/bud-light-budweiser,False,False,2026-09-07T12:46:56+00:00,,,,,,cross_hierarchy_url
Phone LCD Parts,https://www.phonelcdparts.com/,Accessories,,8,hover,Brands,,9,click,secretsight,https://www.phonelcdparts.com/tempered-glass/brands/secretsight,23,1,23,3,safari-http-menu-api,div.mgz-element-inner.i2vt1sp-s.custom-banner-cls > div.fvhw3jg.mgz-element.mgz-element-tabs.swp-tools-tabs > div.mgz-element-inner.fvhw3jg-s.swp-tools-tabs-inner.custom-banner-cls > div.mgz-tabs.mgz-tabs-fvhw3jg.mgz-element-tab-align-left.mgz-element-tab-position-left > div.mgz-tabs-nav > div.thgs9qd.tab-thgs9qd-title.mgz-tabs-tab-title > a,https://www.phonelcdparts.com/tempered-glass/brands/secretsight,False,False,2026-09-07T12:46:56+00:00,,,,,,cross_hierarchy_url
Phone LCD Parts,https://www.phonelcdparts.com/,Tools,,9,hover,Everyday Tools,,2,click,Adhesive Glues,https://www.phonelcdparts.com/tools/tapes-glues/adhesive-tape-glues,3,1,3,3,safari-http-menu-api,div.mgz-element-inner.s4uqd8e-s.custom-banner-cls > div.n5lurys.mgz-element.mgz-element-tabs.swp-tools-tabs > div.mgz-element-inner.n5lurys-s.swp-tools-tabs-inner.custom-banner-cls > div.mgz-tabs.mgz-tabs-n5lurys.mgz-element-tab-align-left.mgz-element-tab-position-left > div.mgz-tabs-nav > div.t3stgih.tab-t3stgih-title.mgz-tabs-tab-title > a,https://www.phonelcdparts.com/tools/tapes-glues/adhesive-tape-glues,False,False,2026-09-07T12:46:56+00:00,,,,,,cross_hierarchy_url
Phone LCD Parts,https://www.phonelcdparts.com/,Tools,,9,hover,Everyday Tools,,2,click,Cutting Pliers,https://www.phonelcdparts.com/tools/everyday-tools/cutting-pliers,17,1,17,3,safari-http-menu-api,div.mgz-element-inner.s4uqd8e-s.custom-banner-cls > div.n5lurys.mgz-element.mgz-element-tabs.swp-tools-tabs > div.mgz-element-inner.n5lurys-s.swp-tools-tabs-inner.custom-banner-cls > div.mgz-tabs.mgz-tabs-n5lurys.mgz-element-tab-align-left.mgz-element-tab-position-left > div.mgz-tabs-nav > div.t3stgih.tab-t3stgih-title.mgz-tabs-tab-title > a,https://www.phonelcdparts.com/tools/everyday-tools/cutting-pliers,False,False,2026-09-07T12:46:56+00:00,,,,,,cross_hierarchy_url
Phone LCD Parts,https://www.phonelcdparts.com/,Tools,,9,hover,Everyday Tools,,2,click,Edge Razor Blade,https://www.phonelcdparts.com/tools/everyday-tools/laser-blade,20,1,20,3,safari-http-menu-api,div.mgz-element-inner.s4uqd8e-s.custom-banner-cls > div.n5lurys.mgz-element.mgz-element-tabs.swp-tools-tabs > div.mgz-element-inner.n5lurys-s.swp-tools-tabs-inner.custom-banner-cls > div.mgz-tabs.mgz-tabs-n5lurys.mgz-element-tab-align-left.mgz-element-tab-position-left > div.mgz-tabs-nav > div.t3stgih.tab-t3stgih-title.mgz-tabs-tab-title > a,https://www.phonelcdparts.com/tools/everyday-tools/laser-blade,False,False,2026-09-07T12:46:56+00:00,,,,,,cross_hierarchy_url
Phone LCD Parts,https://www.phonelcdparts.com/,Tools,,9,hover,Everyday Tools,,2,click,Frame Fixing Tools,https://www.phonelcdparts.com/tools/laser-machines/frame-fixing-tools,22,1,22,3,safari-http-menu-api,div.mgz-element-inner.s4uqd8e-s.custom-banner-cls > div.n5lurys.mgz-element.mgz-element-tabs.swp-tools-tabs > div.mgz-element-inner.n5lurys-s.swp-tools-tabs-inner.custom-banner-cls > div.mgz-tabs.mgz-tabs-n5lurys.mgz-element-tab-align-left.mgz-element-tab-position-left > div.mgz-tabs-nav > div.t3stgih.tab-t3stgih-title.mgz-tabs-tab-title > a,https://www.phonelcdparts.com/tools/laser-machines/frame-fixing-tools,False,False,2026-09-07T12:46:56+00:00,,,,,,cross_hierarchy_url
Phone LCD Parts,https://www.phonelcdparts.com/,Tools,,9,hover,Everyday Tools,,2,click,Dispenser Bottle,https://www.phonelcdparts.com/tools/cleaning-safety/dispenser-bottle,23,1,23,3,safari-http-menu-api,div.mgz-element-inner.s4uqd8e-s.custom-banner-cls > div.n5lurys.mgz-element.mgz-element-tabs.swp-tools-tabs > div.mgz-element-inner.n5lurys-s.swp-tools-tabs-inner.custom-banner-cls > div.mgz-tabs.mgz-tabs-n5lurys.mgz-element-tab-align-left.mgz-element-tab-position-left > div.mgz-tabs-nav > div.t3stgih.tab-t3stgih-title.mgz-tabs-tab-title > a,https://www.phonelcdparts.com/tools/cleaning-safety/dispenser-bottle,False,False,2026-09-07T12:46:56+00:00,,,,,,cross_hierarchy_url
Phone LCD Parts,https://www.phonelcdparts.com/,Tools,,9,hover,Everyday Tools,,2,click,Cleaning Spray,https://www.phonelcdparts.com/tools/cleaning-safety/cleaning-spray,24,1,24,3,safari-http-menu-api,div.mgz-element-inner.s4uqd8e-s.custom-banner-cls > div.n5lurys.mgz-element.mgz-element-tabs.swp-tools-tabs > div.mgz-element-inner.n5lurys-s.swp-tools-tabs-inner.custom-banner-cls > div.mgz-tabs.mgz-tabs-n5lurys.mgz-element-tab-align-left.mgz-element-tab-position-left > div.mgz-tabs-nav > div.t3stgih.tab-t3stgih-title.mgz-tabs-tab-title > a,https://www.phonelcdparts.com/tools/cleaning-safety/cleaning-spray,False,False,2026-09-07T12:46:56+00:00,,,,,,cross_hierarchy_url
Phone LCD Parts,https://www.phonelcdparts.com/,Tools,,9,hover,Everyday Tools,,2,click,Camera Cleaner,https://www.phonelcdparts.com/tools/cleaning-safety/camera-cleaner,25,1,25,3,safari-http-menu-api,div.mgz-element-inner.s4uqd8e-s.custom-banner-cls > div.n5lurys.mgz-element.mgz-element-tabs.swp-tools-tabs > div.mgz-element-inner.n5lurys-s.swp-tools-tabs-inner.custom-banner-cls > div.mgz-tabs.mgz-tabs-n5lurys.mgz-element-tab-align-left.mgz-element-tab-position-left > div.mgz-tabs-nav > div.t3stgih.tab-t3stgih-title.mgz-tabs-tab-title > a,https://www.phonelcdparts.com/tools/cleaning-safety/camera-cleaner,False,False,2026-09-07T12:46:56+00:00,,,,,,cross_hierarchy_url
Phone LCD Parts,https://www.phonelcdparts.com/,Tools,,9,hover,Everyday Tools,,2,click,Duster & Blower,https://www.phonelcdparts.com/tools/cleaning-safety/duster-blower,26,1,26,3,safari-http-menu-api,div.mgz-element-inner.s4uqd8e-s.custom-banner-cls > div.n5lurys.mgz-element.mgz-element-tabs.swp-tools-tabs > div.mgz-element-inner.n5lurys-s.swp-tools-tabs-inner.custom-banner-cls > div.mgz-tabs.mgz-tabs-n5lurys.mgz-element-tab-align-left.mgz-element-tab-position-left > div.mgz-tabs-nav > div.t3stgih.tab-t3stgih-title.mgz-tabs-tab-title > a,https://www.phonelcdparts.com/tools/cleaning-safety/duster-blower,False,False,2026-09-07T12:46:56+00:00,,,,,,cross_hierarchy_url
Phone LCD Parts,https://www.phonelcdparts.com/,Tools,,9,hover,Everyday Tools,,2,click,Adhesive Tape,https://www.phonelcdparts.com/tools/tapes-glues/adhesive-tape,28,1,28,3,safari-http-menu-api,div.mgz-element-inner.s4uqd8e-s.custom-banner-cls > div.n5lurys.mgz-element.mgz-element-tabs.swp-tools-tabs > div.mgz-element-inner.n5lurys-s.swp-tools-tabs-inner.custom-banner-cls > div.mgz-tabs.mgz-tabs-n5lurys.mgz-element-tab-align-left.mgz-element-tab-position-left > div.mgz-tabs-nav > div.t3stgih.tab-t3stgih-title.mgz-tabs-tab-title > a,https://www.phonelcdparts.com/tools/tapes-glues/adhesive-tape,False,False,2026-09-07T12:46:56+00:00,,,,,,cross_hierarchy_url
Phone LCD Parts,https://www.phonelcdparts.com/,Tools,,9,hover,Tapes & Glues,,3,click,Adhesive Tapes,https://www.phonelcdparts.com/tools/tapes-glues/adhesive-tape,1,1,1,3,safari-http-menu-api,div.mgz-element-inner.s4uqd8e-s.custom-banner-cls > div.n5lurys.mgz-element.mgz-element-tabs.swp-tools-tabs > div.mgz-element-inner.n5lurys-s.swp-tools-tabs-inner.custom-banner-cls > div.mgz-tabs.mgz-tabs-n5lurys.mgz-element-tab-align-left.mgz-element-tab-position-left > div.mgz-tabs-nav > div.luyxq9a.tab-luyxq9a-title.mgz-tabs-tab-title > a,https://www.phonelcdparts.com/tools/tapes-glues/adhesive-tape,False,False,2026-09-07T12:46:56+00:00,,,,,,cross_hierarchy_url
Phone LCD Parts,https://www.phonelcdparts.com/,Tools,,9,hover,Tapes & Glues,,3,click,Adhesive Glues,https://www.phonelcdparts.com/tools/tapes-glues/adhesive-tape-glues,2,1,2,3,safari-http-menu-api,div.mgz-element-inner.s4uqd8e-s.custom-banner-cls > div.n5lurys.mgz-element.mgz-element-tabs.swp-tools-tabs > div.mgz-element-inner.n5lurys-s.swp-tools-tabs-inner.custom-banner-cls > div.mgz-tabs.mgz-tabs-n5lurys.mgz-element-tab-align-left.mgz-element-tab-position-left > div.mgz-tabs-nav > div.luyxq9a.tab-luyxq9a-title.mgz-tabs-tab-title > a,https://www.phonelcdparts.com/tools/tapes-glues/adhesive-tape-glues,False,False,2026-09-07T12:46:56+00:00,,,,,,cross_hierarchy_url
Phone LCD Parts,https://www.phonelcdparts.com/,Tools,,9,hover,Cleaning & Safety,,4,click,Camera Cleaner,https://www.phonelcdparts.com/tools/cleaning-safety/camera-cleaner,1,1,1,3,safari-http-menu-api,div.mgz-element-inner.s4uqd8e-s.custom-banner-cls > div.n5lurys.mgz-element.mgz-element-tabs.swp-tools-tabs > div.mgz-element-inner.n5lurys-s.swp-tools-tabs-inner.custom-banner-cls > div.mgz-tabs.mgz-tabs-n5lurys.mgz-element-tab-align-left.mgz-element-tab-position-left > div.mgz-tabs-nav > div.t2ycm94.tab-t2ycm94-title.mgz-tabs-tab-title > a,https://www.phonelcdparts.com/tools/cleaning-safety/camera-cleaner,False,False,2026-09-07T12:46:56+00:00,,,,,,cross_hierarchy_url
Phone LCD Parts,https://www.phonelcdparts.com/,Tools,,9,hover,Cleaning & Safety,,4,click,Glue & Adhesive Remover,https://www.phonelcdparts.com/tools/cleaning-safety/glue-adhesive-remover,2,1,2,3,safari-http-menu-api,div.mgz-element-inner.s4uqd8e-s.custom-banner-cls > div.n5lurys.mgz-element.mgz-element-tabs.swp-tools-tabs > div.mgz-element-inner.n5lurys-s.swp-tools-tabs-inner.custom-banner-cls > div.mgz-tabs.mgz-tabs-n5lurys.mgz-element-tab-align-left.mgz-element-tab-position-left > div.mgz-tabs-nav > div.t2ycm94.tab-t2ycm94-title.mgz-tabs-tab-title > a,https://www.phonelcdparts.com/tools/cleaning-safety/glue-adhesive-remover,False,False,2026-09-07T12:46:56+00:00,,,,,,cross_hierarchy_url
Phone LCD Parts,https://www.phonelcdparts.com/,Tools,,9,hover,Cleaning & Safety,,4,click,Cleaning Spray,https://www.phonelcdparts.com/tools/cleaning-safety/cleaning-spray,3,1,3,3,safari-http-menu-api,div.mgz-element-inner.s4uqd8e-s.custom-banner-cls > div.n5lurys.mgz-element.mgz-element-tabs.swp-tools-tabs > div.mgz-element-inner.n5lurys-s.swp-tools-tabs-inner.custom-banner-cls > div.mgz-tabs.mgz-tabs-n5lurys.mgz-element-tab-align-left.mgz-element-tab-position-left > div.mgz-tabs-nav > div.t2ycm94.tab-t2ycm94-title.mgz-tabs-tab-title > a,https://www.phonelcdparts.com/tools/cleaning-safety/cleaning-spray,False,False,2026-09-07T12:46:56+00:00,,,,,,cross_hierarchy_url
Phone LCD Parts,https://www.phonelcdparts.com/,Tools,,9,hover,Cleaning & Safety,,4,click,Duster & Blower,https://www.phonelcdparts.com/tools/cleaning-safety/duster-blower,6,1,6,3,safari-http-menu-api,div.mgz-element-inner.s4uqd8e-s.custom-banner-cls > div.n5lurys.mgz-element.mgz-element-tabs.swp-tools-tabs > div.mgz-element-inner.n5lurys-s.swp-tools-tabs-inner.custom-banner-cls > div.mgz-tabs.mgz-tabs-n5lurys.mgz-element-tab-align-left.mgz-element-tab-position-left > div.mgz-tabs-nav > div.t2ycm94.tab-t2ycm94-title.mgz-tabs-tab-title > a,https://www.phonelcdparts.com/tools/cleaning-safety/duster-blower,False,False,2026-09-07T12:46:56+00:00,,,,,,cross_hierarchy_url
Phone LCD Parts,https://www.phonelcdparts.com/,Tools,,9,hover,Cleaning & Safety,,4,click,Dispenser Bottle,https://www.phonelcdparts.com/tools/cleaning-safety/dispenser-bottle,7,1,7,3,safari-http-menu-api,div.mgz-element-inner.s4uqd8e-s.custom-banner-cls > div.n5lurys.mgz-element.mgz-element-tabs.swp-tools-tabs > div.mgz-element-inner.n5lurys-s.swp-tools-tabs-inner.custom-banner-cls > div.mgz-tabs.mgz-tabs-n5lurys.mgz-element-tab-align-left.mgz-element-tab-position-left > div.mgz-tabs-nav > div.t2ycm94.tab-t2ycm94-title.mgz-tabs-tab-title > a,https://www.phonelcdparts.com/tools/cleaning-safety/dispenser-bottle,False,False,2026-09-07T12:46:56+00:00,,,,,,cross_hierarchy_url
Phone LCD Parts,https://www.phonelcdparts.com/,Tools,,9,hover,Cleaning & Safety,,4,click,Cleaning Wipes,https://www.phonelcdparts.com/tools/cleaning-safety/cleaning-wipes,8,1,8,3,safari-http-menu-api,div.mgz-element-inner.s4uqd8e-s.custom-banner-cls > div.n5lurys.mgz-element.mgz-element-tabs.swp-tools-tabs > div.mgz-element-inner.n5lurys-s.swp-tools-tabs-inner.custom-banner-cls > div.mgz-tabs.mgz-tabs-n5lurys.mgz-element-tab-align-left.mgz-element-tab-position-left > div.mgz-tabs-nav > div.t2ycm94.tab-t2ycm94-title.mgz-tabs-tab-title > a,https://www.phonelcdparts.com/tools/cleaning-safety/cleaning-wipes,False,False,2026-09-07T12:46:56+00:00,,,,,,cross_hierarchy_url
Phone LCD Parts,https://www.phonelcdparts.com/,Tools,,9,hover,Cleaning & Safety,,4,click,Labour Protection,https://www.phonelcdparts.com/tools/cleaning-safety/labour-protection,9,1,9,3,safari-http-menu-api,div.mgz-element-inner.s4uqd8e-s.custom-banner-cls > div.n5lurys.mgz-element.mgz-element-tabs.swp-tools-tabs > div.mgz-element-inner.n5lurys-s.swp-tools-tabs-inner.custom-banner-cls > div.mgz-tabs.mgz-tabs-n5lurys.mgz-element-tab-align-left.mgz-element-tab-position-left > div.mgz-tabs-nav > div.t2ycm94.tab-t2ycm94-title.mgz-tabs-tab-title > a,https://www.phonelcdparts.com/tools/cleaning-safety/labour-protection,False,False,2026-09-07T12:46:56+00:00,,,,,,cross_hierarchy_url
Phone LCD Parts,https://www.phonelcdparts.com/,Tools,,9,hover,Laser Machines,,5,click,Frame Fixing Tools,https://www.phonelcdparts.com/tools/laser-machines/frame-fixing-tools,3,1,3,3,safari-http-menu-api,div.mgz-element-inner.s4uqd8e-s.custom-banner-cls > div.n5lurys.mgz-element.mgz-element-tabs.swp-tools-tabs > div.mgz-element-inner.n5lurys-s.swp-tools-tabs-inner.custom-banner-cls > div.mgz-tabs.mgz-tabs-n5lurys.mgz-element-tab-align-left.mgz-element-tab-position-left > div.mgz-tabs-nav > div.j7mkhn9.tab-j7mkhn9-title.mgz-tabs-tab-title > a,https://www.phonelcdparts.com/tools/laser-machines/frame-fixing-tools,False,False,2026-09-07T12:46:56+00:00,,,,,,cross_hierarchy_url
Phone LCD Parts,https://www.phonelcdparts.com/,Tools,,9,hover,Programmer,,6,click,Port Testers,https://www.phonelcdparts.com/tools/testing-devices/port-testers,13,1,13,3,safari-http-menu-api,div.mgz-element-inner.s4uqd8e-s.custom-banner-cls > div.n5lurys.mgz-element.mgz-element-tabs.swp-tools-tabs > div.mgz-element-inner.n5lurys-s.swp-tools-tabs-inner.custom-banner-cls > div.mgz-tabs.mgz-tabs-n5lurys.mgz-element-tab-align-left.mgz-element-tab-position-left > div.mgz-tabs-nav > div.nt9qvss.tab-nt9qvss-title.mgz-tabs-tab-title > a,https://www.phonelcdparts.com/tools/testing-devices/port-testers,False,False,2026-09-07T12:46:56+00:00,,,,,,cross_hierarchy_url
Phone LCD Parts,https://www.phonelcdparts.com/,Tools,,9,hover,Testing Devices,,7,click,Port Testers,https://www.phonelcdparts.com/tools/testing-devices/port-testers,4,1,4,3,safari-http-menu-api,div.mgz-element-inner.s4uqd8e-s.custom-banner-cls > div.n5lurys.mgz-element.mgz-element-tabs.swp-tools-tabs > div.mgz-element-inner.n5lurys-s.swp-tools-tabs-inner.custom-banner-cls > div.mgz-tabs.mgz-tabs-n5lurys.mgz-element-tab-align-left.mgz-element-tab-position-left > div.mgz-tabs-nav > div.ngflfx7.tab-ngflfx7-title.mgz-tabs-tab-title > a,https://www.phonelcdparts.com/tools/testing-devices/port-testers,False,False,2026-09-07T12:46:56+00:00,,,,,,cross_hierarchy_url
Phone LCD Parts,https://www.phonelcdparts.com/,Refurbishing,,10,hover,Refurbishing Tools,,1,click,Dispenser Bottle,https://www.phonelcdparts.com/tools/cleaning-safety/dispenser-bottle,15,1,15,3,safari-http-menu-api,div.mgz-element-inner.wvllrvq-s.custom-banner-cls > div.aw57l27.mgz-element.mgz-element-tabs.swp-tools-tabs > div.mgz-element-inner.aw57l27-s.swp-tools-tabs-inner.custom-banner-cls > div.mgz-tabs.mgz-tabs-aw57l27.mgz-element-tab-align-left.mgz-element-tab-position-left > div.mgz-tabs-nav > div.u16kpin.tab-u16kpin-title.mgz-tabs-tab-title.mgz-active > a,https://www.phonelcdparts.com/tools/cleaning-safety/dispenser-bottle,False,False,2026-09-07T12:46:56+00:00,,,,,,cross_hierarchy_url
Phone LCD Parts,https://www.phonelcdparts.com/,Refurbishing,,10,hover,Refurbishing Tools,,1,click,Labour Protection,https://www.phonelcdparts.com/tools/cleaning-safety/labour-protection,16,1,16,3,safari-http-menu-api,div.mgz-element-inner.wvllrvq-s.custom-banner-cls > div.aw57l27.mgz-element.mgz-element-tabs.swp-tools-tabs > div.mgz-element-inner.aw57l27-s.swp-tools-tabs-inner.custom-banner-cls > div.mgz-tabs.mgz-tabs-aw57l27.mgz-element-tab-align-left.mgz-element-tab-position-left > div.mgz-tabs-nav > div.u16kpin.tab-u16kpin-title.mgz-tabs-tab-title.mgz-active > a,https://www.phonelcdparts.com/tools/cleaning-safety/labour-protection,False,False,2026-09-07T12:46:56+00:00,,,,,,cross_hierarchy_url
Phone LCD Parts,https://www.phonelcdparts.com/,Refurbishing,,10,hover,Refurbishing Tools,,1,click,Cleaning Wipes,https://www.phonelcdparts.com/tools/cleaning-safety/cleaning-wipes,17,1,17,3,safari-http-menu-api,div.mgz-element-inner.wvllrvq-s.custom-banner-cls > div.aw57l27.mgz-element.mgz-element-tabs.swp-tools-tabs > div.mgz-element-inner.aw57l27-s.swp-tools-tabs-inner.custom-banner-cls > div.mgz-tabs.mgz-tabs-aw57l27.mgz-element-tab-align-left.mgz-element-tab-position-left > div.mgz-tabs-nav > div.u16kpin.tab-u16kpin-title.mgz-tabs-tab-title.mgz-active > a,https://www.phonelcdparts.com/tools/cleaning-safety/cleaning-wipes,False,False,2026-09-07T12:46:56+00:00,,,,,,cross_hierarchy_url
Phone LCD Parts,https://www.phonelcdparts.com/,Refurbishing,,10,hover,Refurbishing Tools,,1,click,Edge Razor Blade,https://www.phonelcdparts.com/tools/everyday-tools/laser-blade,18,1,18,3,safari-http-menu-api,div.mgz-element-inner.wvllrvq-s.custom-banner-cls > div.aw57l27.mgz-element.mgz-element-tabs.swp-tools-tabs > div.mgz-element-inner.aw57l27-s.swp-tools-tabs-inner.custom-banner-cls > div.mgz-tabs.mgz-tabs-aw57l27.mgz-element-tab-align-left.mgz-element-tab-position-left > div.mgz-tabs-nav > div.u16kpin.tab-u16kpin-title.mgz-tabs-tab-title.mgz-active > a,https://www.phonelcdparts.com/tools/everyday-tools/laser-blade,False,False,2026-09-07T12:46:56+00:00,,,,,,cross_hierarchy_url
Phone LCD Parts,https://www.phonelcdparts.com/,Refurbishing,,10,hover,Refurbishing Tools,,1,click,Glue & Adhesive Remover,https://www.phonelcdparts.com/tools/cleaning-safety/glue-adhesive-remover,19,1,19,3,safari-http-menu-api,div.mgz-element-inner.wvllrvq-s.custom-banner-cls > div.aw57l27.mgz-element.mgz-element-tabs.swp-tools-tabs > div.mgz-element-inner.aw57l27-s.swp-tools-tabs-inner.custom-banner-cls > div.mgz-tabs.mgz-tabs-aw57l27.mgz-element-tab-align-left.mgz-element-tab-position-left > div.mgz-tabs-nav > div.u16kpin.tab-u16kpin-title.mgz-tabs-tab-title.mgz-active > a,https://www.phonelcdparts.com/tools/cleaning-safety/glue-adhesive-remover,False,False,2026-09-07T12:46:56+00:00,,,,,,cross_hierarchy_url
Phone LCD Parts,https://www.phonelcdparts.com/,Refurbishing,,10,hover,Refurbishing Tools,,1,click,Cutting Pliers,https://www.phonelcdparts.com/tools/everyday-tools/cutting-pliers,20,1,20,3,safari-http-menu-api,div.mgz-element-inner.wvllrvq-s.custom-banner-cls > div.aw57l27.mgz-element.mgz-element-tabs.swp-tools-tabs > div.mgz-element-inner.aw57l27-s.swp-tools-tabs-inner.custom-banner-cls > div.mgz-tabs.mgz-tabs-aw57l27.mgz-element-tab-align-left.mgz-element-tab-position-left > div.mgz-tabs-nav > div.u16kpin.tab-u16kpin-title.mgz-tabs-tab-title.mgz-active > a,https://www.phonelcdparts.com/tools/everyday-tools/cutting-pliers,False,False,2026-09-07T12:46:56+00:00,,,,,,cross_hierarchy_url
Phone LCD Parts,https://www.phonelcdparts.com/,Refurbishing,,10,hover,iPhone Refurbishing,,2,click,iPhone Refurbishing,https://www.phonelcdparts.com/tools/refurbishing-tools/iphone-refurbishing,1,1,1,3,click,div.yynvb7b.mgz-element.mgz-element-row.full_width_row > div.mgz-element-inner.yynvb7b-s.custom-banner-cls > div.inner-content.mgz-container > div.meil3ue.mgz-element.mgz-element-column.mgz-col-xl-3 > div.mgz-element-inner.meil3ue-s.custom-banner-cls > div.wyefyme.mgz-element.swp-mega-category.nav-item > a,https://www.phonelcdparts.com/tools/refurbishing-tools/iphone-refurbishing,False,True,2026-09-07T12:46:56+00:00,,,,,,exact
Phone LCD Parts,https://www.phonelcdparts.com/,Refurbishing,,10,hover,iPhone Refurbishing,,2,click,iPhone Refurbishing,https://www.phonelcdparts.com/tools/refurbishing-tools/iphone-refurbishing,18,1,18,3,click,div.yynvb7b.mgz-element.mgz-element-row.full_width_row > div.mgz-element-inner.yynvb7b-s.custom-banner-cls > div.inner-content.mgz-container > div.g4atppb.mgz-element.mgz-element-column.mgz-col-xl-3 > div.mgz-element-inner.g4atppb-s.custom-banner-cls > div.obx6mc3.mgz-element.swp-mega-category.nav-item > a,https://www.phonelcdparts.com/tools/refurbishing-tools/iphone-refurbishing,False,True,2026-09-07T12:46:56+00:00,,,,,,exact
Phone LCD Parts,https://www.phonelcdparts.com/,Refurbishing,,10,hover,iPhone Refurbishing,,2,click,Camera Refurbishing Parts,https://www.phonelcdparts.com/,36,1,36,3,click,div.yynvb7b.mgz-element.mgz-element-row.full_width_row > div.mgz-element-inner.yynvb7b-s.custom-banner-cls > div.inner-content.mgz-container > div.yjwknfe.mgz-element.mgz-element-column.mgz-col-xl-3 > div.mgz-element-inner.yjwknfe-s.custom-banner-cls > div.ac5vnb5.mgz-element.swp-mega-category.nav-item > a,https://www.phonelcdparts.com/,False,False,2026-09-07T12:46:56+00:00,,,,,,cross_hierarchy_url
Phone LCD Parts,https://www.phonelcdparts.com/,Brands,,12,hover,Accessories,,2,click,Baseus-logo,https://www.phonelcdparts.com/accessories-tools/brands/baseus,1,1,1,3,safari-http-menu-api,div.mgz-element-inner.lliywrc-s.custom-banner-cls > div.urmnd4k.mgz-element.mgz-element-tabs > div.mgz-element-inner.urmnd4k-s.custom-banner-cls > div.mgz-tabs.mgz-tabs-urmnd4k.mgz-element-tab-align-left.mgz-element-tab-position-left > div.mgz-tabs-nav > div.rgp8udc.tab-rgp8udc-title.mgz-tabs-tab-title > a,https://www.phonelcdparts.com/accessories-tools/brands/baseus,False,False,2026-09-07T12:46:56+00:00,,,,,,cross_hierarchy_url
Phone LCD Parts,https://www.phonelcdparts.com/,Brands,,12,hover,Accessories,,2,click,JBL,https://www.phonelcdparts.com/accessories-tools/brands/jbl,2,1,2,3,safari-http-menu-api,div.mgz-element-inner.lliywrc-s.custom-banner-cls > div.urmnd4k.mgz-element.mgz-element-tabs > div.mgz-element-inner.urmnd4k-s.custom-banner-cls > div.mgz-tabs.mgz-tabs-urmnd4k.mgz-element-tab-align-left.mgz-element-tab-position-left > div.mgz-tabs-nav > div.rgp8udc.tab-rgp8udc-title.mgz-tabs-tab-title > a,https://www.phonelcdparts.com/accessories-tools/brands/jbl,False,False,2026-09-07T12:46:56+00:00,,,,,,cross_hierarchy_url
Phone LCD Parts,https://www.phonelcdparts.com/,Brands,,12,hover,Accessories,,2,click,ANKER,https://www.phonelcdparts.com/accessories-tools/brands/anker,3,1,3,3,safari-http-menu-api,div.mgz-element-inner.lliywrc-s.custom-banner-cls > div.urmnd4k.mgz-element.mgz-element-tabs > div.mgz-element-inner.urmnd4k-s.custom-banner-cls > div.mgz-tabs.mgz-tabs-urmnd4k.mgz-element-tab-align-left.mgz-element-tab-position-left > div.mgz-tabs-nav > div.rgp8udc.tab-rgp8udc-title.mgz-tabs-tab-title > a,https://www.phonelcdparts.com/accessories-tools/brands/anker,False,False,2026-09-07T12:46:56+00:00,,,,,,cross_hierarchy_url
Phone LCD Parts,https://www.phonelcdparts.com/,Brands,,12,hover,Accessories,,2,click,MOTOROLA,https://www.phonelcdparts.com/accessories-tools/brands/motorola-sonic,4,1,4,3,safari-http-menu-api,div.mgz-element-inner.lliywrc-s.custom-banner-cls > div.urmnd4k.mgz-element.mgz-element-tabs > div.mgz-element-inner.urmnd4k-s.custom-banner-cls > div.mgz-tabs.mgz-tabs-urmnd4k.mgz-element-tab-align-left.mgz-element-tab-position-left > div.mgz-tabs-nav > div.rgp8udc.tab-rgp8udc-title.mgz-tabs-tab-title > a,https://www.phonelcdparts.com/accessories-tools/brands/motorola-sonic,False,False,2026-09-07T12:46:56+00:00,,,,,,cross_hierarchy_url
Phone LCD Parts,https://www.phonelcdparts.com/,Brands,,12,hover,Accessories,,2,click,POWERPEAK,https://www.phonelcdparts.com/accessories-tools/brands/powerpeak,5,1,5,3,safari-http-menu-api,div.mgz-element-inner.lliywrc-s.custom-banner-cls > div.urmnd4k.mgz-element.mgz-element-tabs > div.mgz-element-inner.urmnd4k-s.custom-banner-cls > div.mgz-tabs.mgz-tabs-urmnd4k.mgz-element-tab-align-left.mgz-element-tab-position-left > div.mgz-tabs-nav > div.rgp8udc.tab-rgp8udc-title.mgz-tabs-tab-title > a,https://www.phonelcdparts.com/accessories-tools/brands/powerpeak,False,False,2026-09-07T12:46:56+00:00,,,,,,cross_hierarchy_url
Phone LCD Parts,https://www.phonelcdparts.com/,Brands,,12,hover,Accessories,,2,click,onten,https://www.phonelcdparts.com/accessories-tools/brands/onten,6,1,6,3,safari-http-menu-api,div.mgz-element-inner.lliywrc-s.custom-banner-cls > div.urmnd4k.mgz-element.mgz-element-tabs > div.mgz-element-inner.urmnd4k-s.custom-banner-cls > div.mgz-tabs.mgz-tabs-urmnd4k.mgz-element-tab-align-left.mgz-element-tab-position-left > div.mgz-tabs-nav > div.rgp8udc.tab-rgp8udc-title.mgz-tabs-tab-title > a,https://www.phonelcdparts.com/accessories-tools/brands/onten,False,False,2026-09-07T12:46:56+00:00,,,,,,cross_hierarchy_url
Phone LCD Parts,https://www.phonelcdparts.com/,Brands,,12,hover,Accessories,,2,click,Derler,https://www.phonelcdparts.com/accessories-tools/brands/derlar,7,1,7,3,safari-http-menu-api,div.mgz-element-inner.lliywrc-s.custom-banner-cls > div.urmnd4k.mgz-element.mgz-element-tabs > div.mgz-element-inner.urmnd4k-s.custom-banner-cls > div.mgz-tabs.mgz-tabs-urmnd4k.mgz-element-tab-align-left.mgz-element-tab-position-left > div.mgz-tabs-nav > div.rgp8udc.tab-rgp8udc-title.mgz-tabs-tab-title > a,https://www.phonelcdparts.com/accessories-tools/brands/derlar,False,False,2026-09-07T12:46:56+00:00,,,,,,cross_hierarchy_url
Phone LCD Parts,https://www.phonelcdparts.com/,Brands,,12,hover,Accessories,,2,click,Skullcandy,https://www.phonelcdparts.com/accessories-tools/brands/skullcandy,8,1,8,3,safari-http-menu-api,div.mgz-element-inner.lliywrc-s.custom-banner-cls > div.urmnd4k.mgz-element.mgz-element-tabs > div.mgz-element-inner.urmnd4k-s.custom-banner-cls > div.mgz-tabs.mgz-tabs-urmnd4k.mgz-element-tab-align-left.mgz-element-tab-position-left > div.mgz-tabs-nav > div.rgp8udc.tab-rgp8udc-title.mgz-tabs-tab-title > a,https://www.phonelcdparts.com/accessories-tools/brands/skullcandy,False,False,2026-09-07T12:46:56+00:00,,,,,,cross_hierarchy_url
Phone LCD Parts,https://www.phonelcdparts.com/,Brands,,12,hover,Accessories,,2,click,ESOULK,https://www.phonelcdparts.com/accessories-tools/brands/esoulk,9,1,9,3,safari-http-menu-api,div.mgz-element-inner.lliywrc-s.custom-banner-cls > div.urmnd4k.mgz-element.mgz-element-tabs > div.mgz-element-inner.urmnd4k-s.custom-banner-cls > div.mgz-tabs.mgz-tabs-urmnd4k.mgz-element-tab-align-left.mgz-element-tab-position-left > div.mgz-tabs-nav > div.rgp8udc.tab-rgp8udc-title.mgz-tabs-tab-title > a,https://www.phonelcdparts.com/accessories-tools/brands/esoulk,False,False,2026-09-07T12:46:56+00:00,,,,,,cross_hierarchy_url
Phone LCD Parts,https://www.phonelcdparts.com/,Brands,,12,hover,Accessories,,2,click,EVO,https://www.phonelcdparts.com/accessories-tools/brands/evo,10,1,10,3,safari-http-menu-api,div.mgz-element-inner.lliywrc-s.custom-banner-cls > div.urmnd4k.mgz-element.mgz-element-tabs > div.mgz-element-inner.urmnd4k-s.custom-banner-cls > div.mgz-tabs.mgz-tabs-urmnd4k.mgz-element-tab-align-left.mgz-element-tab-position-left > div.mgz-tabs-nav > div.rgp8udc.tab-rgp8udc-title.mgz-tabs-tab-title > a,https://www.phonelcdparts.com/accessories-tools/brands/evo,False,False,2026-09-07T12:46:56+00:00,,,,,,cross_hierarchy_url
Phone LCD Parts,https://www.phonelcdparts.com/,Brands,,12,hover,Accessories,,2,click,toocki,https://www.phonelcdparts.com/accessories-tools/brands/gan-chargers-fast-cables,11,1,11,3,safari-http-menu-api,div.mgz-element-inner.lliywrc-s.custom-banner-cls > div.urmnd4k.mgz-element.mgz-element-tabs > div.mgz-element-inner.urmnd4k-s.custom-banner-cls > div.mgz-tabs.mgz-tabs-urmnd4k.mgz-element-tab-align-left.mgz-element-tab-position-left > div.mgz-tabs-nav > div.rgp8udc.tab-rgp8udc-title.mgz-tabs-tab-title > a,https://www.phonelcdparts.com/accessories-tools/brands/gan-chargers-fast-cables,False,False,2026-09-07T12:46:56+00:00,,,,,,cross_hierarchy_url
Phone LCD Parts,https://www.phonelcdparts.com/,Brands,,12,hover,Accessories,,2,click,LDINO,https://www.phonelcdparts.com/accessories-tools/brands/ldnio,12,1,12,3,safari-http-menu-api,div.mgz-element-inner.lliywrc-s.custom-banner-cls > div.urmnd4k.mgz-element.mgz-element-tabs > div.mgz-element-inner.urmnd4k-s.custom-banner-cls > div.mgz-tabs.mgz-tabs-urmnd4k.mgz-element-tab-align-left.mgz-element-tab-position-left > div.mgz-tabs-nav > div.rgp8udc.tab-rgp8udc-title.mgz-tabs-tab-title > a,https://www.phonelcdparts.com/accessories-tools/brands/ldnio,False,False,2026-09-07T12:46:56+00:00,,,,,,cross_hierarchy_url
Phone LCD Parts,https://www.phonelcdparts.com/,Brands,,12,hover,Accessories,,2,click,ven-dens,https://www.phonelcdparts.com/accessories-tools/brands/ven-dens,13,1,13,3,safari-http-menu-api,div.mgz-element-inner.lliywrc-s.custom-banner-cls > div.urmnd4k.mgz-element.mgz-element-tabs > div.mgz-element-inner.urmnd4k-s.custom-banner-cls > div.mgz-tabs.mgz-tabs-urmnd4k.mgz-element-tab-align-left.mgz-element-tab-position-left > div.mgz-tabs-nav > div.rgp8udc.tab-rgp8udc-title.mgz-tabs-tab-title > a,https://www.phonelcdparts.com/accessories-tools/brands/ven-dens,False,False,2026-09-07T12:46:56+00:00,,,,,,cross_hierarchy_url
Phone LCD Parts,https://www.phonelcdparts.com/,Brands,,12,hover,Accessories,,2,click,DOBE,https://www.phonelcdparts.com/accessories-tools/brands/dobe,14,1,14,3,safari-http-menu-api,div.mgz-element-inner.lliywrc-s.custom-banner-cls > div.urmnd4k.mgz-element.mgz-element-tabs > div.mgz-element-inner.urmnd4k-s.custom-banner-cls > div.mgz-tabs.mgz-tabs-urmnd4k.mgz-element-tab-align-left.mgz-element-tab-position-left > div.mgz-tabs-nav > div.rgp8udc.tab-rgp8udc-title.mgz-tabs-tab-title > a,https://www.phonelcdparts.com/accessories-tools/brands/dobe,False,False,2026-09-07T12:46:56+00:00,,,,,,cross_hierarchy_url
Phone LCD Parts,https://www.phonelcdparts.com/,Brands,,12,hover,Accessories,,2,click,Brookstone,https://www.phonelcdparts.com/accessories-tools/brands/brookstone,15,1,15,3,safari-http-menu-api,div.mgz-element-inner.lliywrc-s.custom-banner-cls > div.urmnd4k.mgz-element.mgz-element-tabs > div.mgz-element-inner.urmnd4k-s.custom-banner-cls > div.mgz-tabs.mgz-tabs-urmnd4k.mgz-element-tab-align-left.mgz-element-tab-position-left > div.mgz-tabs-nav > div.rgp8udc.tab-rgp8udc-title.mgz-tabs-tab-title > a,https://www.phonelcdparts.com/accessories-tools/brands/brookstone,False,False,2026-09-07T12:46:56+00:00,,,,,,cross_hierarchy_url
Phone LCD Parts,https://www.phonelcdparts.com/,Brands,,12,hover,Accessories,,2,click,EVOGERA,https://www.phonelcdparts.com/accessories-tools/brands/evogera,16,1,16,3,safari-http-menu-api,div.mgz-element-inner.lliywrc-s.custom-banner-cls > div.urmnd4k.mgz-element.mgz-element-tabs > div.mgz-element-inner.urmnd4k-s.custom-banner-cls > div.mgz-tabs.mgz-tabs-urmnd4k.mgz-element-tab-align-left.mgz-element-tab-position-left > div.mgz-tabs-nav > div.rgp8udc.tab-rgp8udc-title.mgz-tabs-tab-title > a,https://www.phonelcdparts.com/accessories-tools/brands/evogera,False,False,2026-09-07T12:46:56+00:00,,,,,,cross_hierarchy_url
Phone LCD Parts,https://www.phonelcdparts.com/,Brands,,12,hover,Accessories,,2,click,POPSOCKET,https://www.phonelcdparts.com/accessories-tools/brands/popsockets,17,1,17,3,safari-http-menu-api,div.mgz-element-inner.lliywrc-s.custom-banner-cls > div.urmnd4k.mgz-element.mgz-element-tabs > div.mgz-element-inner.urmnd4k-s.custom-banner-cls > div.mgz-tabs.mgz-tabs-urmnd4k.mgz-element-tab-align-left.mgz-element-tab-position-left > div.mgz-tabs-nav > div.rgp8udc.tab-rgp8udc-title.mgz-tabs-tab-title > a,https://www.phonelcdparts.com/accessories-tools/brands/popsockets,False,False,2026-09-07T12:46:56+00:00,,,,,,cross_hierarchy_url
Phone LCD Parts,https://www.phonelcdparts.com/,Brands,,12,hover,Accessories,,2,click,pomgear-logo,https://www.phonelcdparts.com/accessories-tools/brands/pom-gear,18,1,18,3,safari-http-menu-api,div.mgz-element-inner.lliywrc-s.custom-banner-cls > div.urmnd4k.mgz-element.mgz-element-tabs > div.mgz-element-inner.urmnd4k-s.custom-banner-cls > div.mgz-tabs.mgz-tabs-urmnd4k.mgz-element-tab-align-left.mgz-element-tab-position-left > div.mgz-tabs-nav > div.rgp8udc.tab-rgp8udc-title.mgz-tabs-tab-title > a,https://www.phonelcdparts.com/accessories-tools/brands/pom-gear,False,False,2026-09-07T12:46:56+00:00,,,,,,cross_hierarchy_url
Phone LCD Parts,https://www.phonelcdparts.com/,Brands,,12,hover,Accessories,,2,click,HOPESTAR,https://www.phonelcdparts.com/accessories-tools/brands/hopestar,19,1,19,3,safari-http-menu-api,div.mgz-element-inner.lliywrc-s.custom-banner-cls > div.urmnd4k.mgz-element.mgz-element-tabs > div.mgz-element-inner.urmnd4k-s.custom-banner-cls > div.mgz-tabs.mgz-tabs-urmnd4k.mgz-element-tab-align-left.mgz-element-tab-position-left > div.mgz-tabs-nav > div.rgp8udc.tab-rgp8udc-title.mgz-tabs-tab-title > a,https://www.phonelcdparts.com/accessories-tools/brands/hopestar,False,False,2026-09-07T12:46:56+00:00,,,,,,cross_hierarchy_url
Phone LCD Parts,https://www.phonelcdparts.com/,Brands,,12,hover,Accessories,,2,click,ottocast-brand-logo,https://www.phonelcdparts.com/accessories-tools/brands/ottocast,20,1,20,3,safari-http-menu-api,div.mgz-element-inner.lliywrc-s.custom-banner-cls > div.urmnd4k.mgz-element.mgz-element-tabs > div.mgz-element-inner.urmnd4k-s.custom-banner-cls > div.mgz-tabs.mgz-tabs-urmnd4k.mgz-element-tab-align-left.mgz-element-tab-position-left > div.mgz-tabs-nav > div.rgp8udc.tab-rgp8udc-title.mgz-tabs-tab-title > a,https://www.phonelcdparts.com/accessories-tools/brands/ottocast,False,False,2026-09-07T12:46:56+00:00,,,,,,cross_hierarchy_url
Phone LCD Parts,https://www.phonelcdparts.com/,Brands,,12,hover,Accessories,,2,click,BYTECH,https://www.phonelcdparts.com/accessories-tools/brands/bytech,21,1,21,3,safari-http-menu-api,div.mgz-element-inner.lliywrc-s.custom-banner-cls > div.urmnd4k.mgz-element.mgz-element-tabs > div.mgz-element-inner.urmnd4k-s.custom-banner-cls > div.mgz-tabs.mgz-tabs-urmnd4k.mgz-element-tab-align-left.mgz-element-tab-position-left > div.mgz-tabs-nav > div.rgp8udc.tab-rgp8udc-title.mgz-tabs-tab-title > a,https://www.phonelcdparts.com/accessories-tools/brands/bytech,False,False,2026-09-07T12:46:56+00:00,,,,,,cross_hierarchy_url
Phone LCD Parts,https://www.phonelcdparts.com/,Brands,,12,hover,Accessories,,2,click,secretsight,https://www.phonelcdparts.com/tempered-glass/brands/secretsight,22,1,22,3,safari-http-menu-api,div.mgz-element-inner.lliywrc-s.custom-banner-cls > div.urmnd4k.mgz-element.mgz-element-tabs > div.mgz-element-inner.urmnd4k-s.custom-banner-cls > div.mgz-tabs.mgz-tabs-urmnd4k.mgz-element-tab-align-left.mgz-element-tab-position-left > div.mgz-tabs-nav > div.rgp8udc.tab-rgp8udc-title.mgz-tabs-tab-title > a,https://www.phonelcdparts.com/tempered-glass/brands/secretsight,False,False,2026-09-07T12:46:56+00:00,,,,,,cross_hierarchy_url
Phone LCD Parts,https://www.phonelcdparts.com/,Brands,,12,hover,Accessories,,2,click,BUD_Light_Budweiser,https://www.phonelcdparts.com/accessories-tools/brands/bud-light-budweiser,23,1,23,3,safari-http-menu-api,div.mgz-element-inner.lliywrc-s.custom-banner-cls > div.urmnd4k.mgz-element.mgz-element-tabs > div.mgz-element-inner.urmnd4k-s.custom-banner-cls > div.mgz-tabs.mgz-tabs-urmnd4k.mgz-element-tab-align-left.mgz-element-tab-position-left > div.mgz-tabs-nav > div.rgp8udc.tab-rgp8udc-title.mgz-tabs-tab-title > a,https://www.phonelcdparts.com/accessories-tools/brands/bud-light-budweiser,False,False,2026-09-07T12:46:56+00:00,,,,,,cross_hierarchy_url
Phone LCD Parts,https://www.phonelcdparts.com/,Brands,,12,hover,Tempered Glass,,3,click,QUARTZ,https://www.phonelcdparts.com/tempered-glass/brands/quartz,1,1,1,3,safari-http-menu-api,div.mgz-element-inner.lliywrc-s.custom-banner-cls > div.urmnd4k.mgz-element.mgz-element-tabs > div.mgz-element-inner.urmnd4k-s.custom-banner-cls > div.mgz-tabs.mgz-tabs-urmnd4k.mgz-element-tab-align-left.mgz-element-tab-position-left > div.mgz-tabs-nav > div.ofxwnqw.tab-ofxwnqw-title.mgz-tabs-tab-title > a,https://www.phonelcdparts.com/tempered-glass/brands/quartz,False,False,2026-09-07T12:46:56+00:00,,,,,,cross_hierarchy_url
Phone LCD Parts,https://www.phonelcdparts.com/,Brands,,12,hover,Tempered Glass,,3,click,SecretSight,https://www.phonelcdparts.com/tempered-glass/brands/secretsight,4,1,4,3,safari-http-menu-api,div.mgz-element-inner.lliywrc-s.custom-banner-cls > div.urmnd4k.mgz-element.mgz-element-tabs > div.mgz-element-inner.urmnd4k-s.custom-banner-cls > div.mgz-tabs.mgz-tabs-urmnd4k.mgz-element-tab-align-left.mgz-element-tab-position-left > div.mgz-tabs-nav > div.ofxwnqw.tab-ofxwnqw-title.mgz-tabs-tab-title > a,https://www.phonelcdparts.com/tempered-glass/brands/secretsight,False,False,2026-09-07T12:46:56+00:00,,,,,,cross_hierarchy_url
Phone LCD Parts,https://www.phonelcdparts.com/,Brands,,12,hover,Batteries,,4,click,QMAX,https://www.phonelcdparts.com/apple/best-sellers/qmax,1,1,1,3,safari-http-menu-api,div.mgz-element-inner.lliywrc-s.custom-banner-cls > div.urmnd4k.mgz-element.mgz-element-tabs > div.mgz-element-inner.urmnd4k-s.custom-banner-cls > div.mgz-tabs.mgz-tabs-urmnd4k.mgz-element-tab-align-left.mgz-element-tab-position-left > div.mgz-tabs-nav > div.qkpdgv8.tab-qkpdgv8-title.mgz-tabs-tab-title > a,https://www.phonelcdparts.com/apple/best-sellers/qmax,False,False,2026-09-07T12:46:56+00:00,,,,,,cross_hierarchy_url
Phone LCD Parts,https://www.phonelcdparts.com/,Brands,,12,hover,Batteries,,4,click,PowerCell ®,https://www.phonelcdparts.com/apple/best-sellers/powercell,2,1,2,3,safari-http-menu-api,div.mgz-element-inner.lliywrc-s.custom-banner-cls > div.urmnd4k.mgz-element.mgz-element-tabs > div.mgz-element-inner.urmnd4k-s.custom-banner-cls > div.mgz-tabs.mgz-tabs-urmnd4k.mgz-element-tab-align-left.mgz-element-tab-position-left > div.mgz-tabs-nav > div.qkpdgv8.tab-qkpdgv8-title.mgz-tabs-tab-title > a,https://www.phonelcdparts.com/apple/best-sellers/powercell,False,False,2026-09-07T12:46:56+00:00,,,,,,cross_hierarchy_url
